dialect,translation,(language/dialect)
nta akara,i am eating akara,(generic Ibibio)
ikpong,cocoyam,(generic Ibibio)
ebod,goat,(generic Ibibio)
ufene,cattle,(generic Ibibio)
enang,cow,(generic Ibibio)
enang,horse,(generic Ibibio)
adua,squirrel,(generic Ibibio)
ewa,dog,(generic Ibibio)
ebua,dog,(Efik-Ibibio)
anwa,cat,(generic Ibibio)
erong,sheep,(generic Ibibio)
edi,pig,(generic Ibibio)
ekpe,leopard,(generic Ibibio)
ekpe,lion,(generic Ibibio)
nyamekpe,lion,(generic Ibibio)
enin,elephant,(generic Ibibio)
ebok,monkey,(generic Ibibio)
idiok,chimpanzee,(generic Ibibio)
omonidiok,gorrila,(generic Ibibio)
ekwong,snail,(generic Ibibio)
nkoriko,snail,(generic Ibibio)
mfi,periwinkle,(generic Ibibio)
urukikod,snake,(generic Ibibio)
asabo,python,(generic Ibibio)
ibom,boa,(generic Ibibio)
ukarakpa,anaconda,(generic Ibibio)
okukubarakpa,anaconda,(Efik-Ibibio)
okukubarakpa,dragon,(generic Ibibio)
akpok,lizard,(generic Ibibio)
okpok,lizard,(Efik-Ibibio)
ukpongayin,gecko,(generic Ibibio)
afiom,crocodile,(Annang-Ibibio)
efiom,crocodile,(generic Ibibio)
utai,alligator,(generic Ibibio)
iquod,toad,(generic Ibibio)
mfod,frog,(generic Ibibio)
unen,fowl,(generic Ibibio)
inuen,bird,(generic Ibibio)
akiko,cockerel,(generic Ibibio)
akiko,cock,(generic Ibibio)
unen,chicken,(generic Ibibio)
nyin,offspring,(generic Ibibio)
awowo,duck,(generic Ibibio)
ikid,tortoise,(generic Ibibio)
ikud,tortoise,(Annang-Ibibio)
ikidmmong,turtle,(generic Ibibio)
utere,vulture,(generic Ibibio)
ekongabukayop,crow,(generic Ibibio)
mbukpo,eagle,(generic Ibibio)
ndukpo,eagle,(generic Ibibio)
ntrukpom,eagle,(generic Ibibio)
akukwo,hawk,(generic Ibibio)
idangakukwo,falcon,(generic Ibibio)
nnuene,ant,(generic Ibibio)
akpaisong,red ant,(generic Ibibio)
ekongikot,soldier ant,(generic Ibibio)
nwanwa,honeypot ant,(generic Ibibio)
ntafiong,odorous ant,(generic Ibibio)
nnuene akwa, big head ant,(generic Ibibio)
ndube,winged termite,(generic Ibibio)
ebu,termite,(generic Ibibio)
nkakad,termite nest,(generic Ibibio)
utung,worm,(generic Ibibio)
mfem,cockroache,(generic Ibibio)
nsung,housefly,(generic Ibibio)
ntinya,fruitfly,(generic Ibibio)
abong,mosquito,(generic Ibibio)
akwok,bee,(generic Ibibio)
atad,wasp,(generic Ibibio)
isobo,crab,(generic Ibibio)
ufadikang,water scopion,(generic Ibibio)
etim,millipede,(generic Ibibio)
nkang,centipede,(generic Ibibio)
ekpu,rat,(generic Ibibio)
eku,rat,(Annang-Ibibio)
nkidikid,owl,(generic Ibibio)
iyak,fish,(generic Ibibio)
inagha,catfish,(generic Ibibio)
ibad,tilapia,(generic Ibibio)
ye,and,(generic Ibibio)
ye,with,(generic Ibibio)
mme,and,(generic Ibibio)
mme,with,(generic Ibibio)
ekese,several,(Efik-Ibibio)
ekese,others,(Efik-Ibibio)
ufafran,fried,(generic Ibibio)
mkpo,thing,(generic Ibibio)
mkpo,noise,(generic Ibibio)
nkpo,thing,(generic Ibibio)
imino abasi ekom ke usen mfin,we thank god for today,(generic Ibibio)
imi,we,(generic Ibibio)
imino,we give,(generic Ibibio)
abasi,god,(generic Ibibio)
ekom,thanks,(generic Ibibio)
ekom,greetings,(generic Ibibio)
ekom,courtesy,(generic Ibibio)
ke,for,(generic Ibibio)
ke,at,(generic Ibibio)
usen,day,(generic Ibibio)
mfin,today,(generic Ibibio)
adika uke utom amasuana,where will you go after work,(generic Ibibio)
adika,are you leaving,(generic Ibibio)
adika,are you going,(generic Ibibio)
dika,be leaving,(generic Ibibio)
dika,be going,(generic Ibibio)
ka,go,(generic Ibibio)
uke,where,(generic Ibibio)
utom,work,(generic Ibibio)
utom,job,(generic Ibibio)
utom,service,(generic Ibibio)
amasuana,when you dismiss,(generic Ibibio)
amasuana,when you disperse,(generic Ibibio)
ama,loved one,(generic Ibibio)
ama,do you,(generic Ibibio)
ama,you did,(generic Ibibio)
oyom nnam nso nno fi,what should i do for you,(Efik-Ibibio)
oyom nam so no fi,what should i do for you,(Efik-Ibibio)
oyom,you wish,(Efik-Ibibio)
nam,do,(generic Ibibio)
nam,act,(generic Ibibio)
nnam,do i,(generic Ibibio)
nnam,plague,(generic Ibibio)
di bo unen dep ke nam happy hour ye owo mfo,come buy chicken for happy hour with your mate,(generic Ibibio)
di,come,(generic Ibibio)
bo,take,(generic Ibibio)
unen,fowl,(generic Ibibio)
unen,chicken,(generic Ibibio)
dep,buy,(generic Ibibio)
dep,purchase,(generic Ibibio)
owo,human,(generic Ibibio)
owo,person,(generic Ibibio)
mfo,yours,(generic Ibibio)
amekeme ikpe okuk etem peppersoup uno utuondo,you can hire a peppersoup vendor rather,(generic Ibibio)
amekeme,you can,(generic Ibibio)
amekeme,you are able,(generic Ibibio)
ikpe,litigate,(generic Ibibio)
kpe,pay,(generic Ibibio)
okuk,money,(generic Ibibio)
etem,condiment,(generic Ibibio)
uno,for you,(generic Ibibio)
utuondo,rather,(generic Ibibio)
utuondo,alternatively,(generic Ibibio)
utuondo,otherwise,(generic Ibibio)
ke mia udobot ufia,go slap a policeman,(generic Ibibio)
mbom atata mbom,woeful real woeful,(generic Ibibio)
mbom,mercy,(generic Ibibio)
mbom,pity,(generic Ibibio)
uduk,pity,(generic Ibibio)
uduk,sympathy,(generic Ibibio)
atata,real deep,(generic Ibibio)
ata,real,(generic Ibibio)
mia,beat,(generic Ibibio)
udobot,police,(generic Ibibio)
ufia,slap,(generic Ibibio)
ufia,fourth or fifth son,(generic Ibibio)
nyom ono mien okuk,i wish you give me money,(generic Ibibio)
nyom,i want,(generic Ibibio)
usung,door,(generic Ibibio)
usung,road,(generic Ibibio)
usung,way,(generic Ibibio)
usung,fufu,(generic Ibibio)
usung,thick,(generic Ibibio)
obong,lord,(generic Ibibio)
obong,ruler,(generic Ibibio)
obong,king,(generic Ibibio)
obong,chief,(generic Ibibio)
obong,shout,(generic Ibibio)
obong,mosquito,(generic Ibibio)
obong,cane,(generic Ibibio)
mme,or,(generic Ibibio)
ekong,war,(generic Ibibio)
ekong,hangers on,(generic Ibibio)
ekong,knockers,(generic Ibibio)
ekong,knackers,(generic Ibibio)
tim,beat,(generic Ibibio)
tim,pound,(generic Ibibio)
tim,keep well,(generic Ibibio)
kang,deny,(generic Ibibio)
kang,dry-heating,(generic Ibibio)
ukot,in-law,(generic Ibibio)
ukot,leg,(generic Ibibio)
demme,wake,(generic Ibibio)
deme,share,(generic Ibibio)
deme,ignore,(generic Ibibio)
deme,overlook,(generic Ibibio)
akpan,first son,(generic Ibibio)
akpan,loaded basket,(generic Ibibio)
ekpat,bag,(generic Ibibio)
ekpat,log,(generic Ibibio)
iyire,net,(generic Ibibio)
ukem,same,(generic Ibibio)
ukem,you are contented,(generic Ibibio)
okwok,bee,(generic Ibibio)
okwok,grater,(generic Ibibio)
okwok,sweeper,(generic Ibibio)
okok,chewing stick,(generic Ibibio)
okok,toothpick,(generic Ibibio)
okok,grinding,(generic Ibibio)
okok,vomiting,(generic Ibibio)
ofiong,moon,(generic Ibibio)
ofiong,month,(generic Ibibio)
ado,is,(generic Ibibio)
okpo,bone,(generic Ibibio)
okpo,rubber,(generic Ibibio)
okpo,plastic,(generic Ibibio)
abang,pot,(generic Ibibio)
abat,it is dirty,(generic Ibibio)
abat,counter,(generic Ibibio)
abat,thickened,(generic Ibibio)
ata,chew,(generic Ibibio)
ata,bet,(generic Ibibio)
ata,burn,(generic Ibibio)
ata,pro,(generic Ibibio)
ekpeme,guard,(generic Ibibio)
ekpeme,bottle,(generic Ibibio)
ekpe,lion,(generic Ibibio)
ekpe,they pay,(generic Ibibio)
ekwak,they clap,(generic Ibibio)
isin,waist,(generic Ibibio)
isin,we reject,(generic Ibibio)
isin,we put,(generic Ibibio)
ikwo,song,(generic Ibibio)
ikwo ikwo,let us sing,(generic Ibibio)
ikwo,songs,(generic Ibibio)
iwa,cassava,(generic Ibibio)
iwa,we sacrifice,(generic Ibibio)
obu,dust,(generic Ibibio)
obu,crayfish,(generic Ibibio)
obu,decay,(generic Ibibio)
udok,hoe,(generic Ibibio)
udok,door,(generic Ibibio)
ubom,canoe,(generic Ibibio)
ubom,fat,(generic Ibibio)
ubom,breadth,(generic Ibibio)
unen,fowl,(generic Ibibio)
unen,right,(generic Ibibio)
bak,split,(generic Ibibio)
bak,slice,(generic Ibibio)
bak,beware,(generic Ibibio)
bak,be early,(generic Ibibio)
obot,creator,(generic Ibibio)
obot,hill,(generic Ibibio)
obot,mountain,(generic Ibibio)
obot,nature,(generic Ibibio)
fuud,blow,(generic Ibibio)
fuud,clear,(generic Ibibio)
fuud,fold,(generic Ibibio)
bop,build,(generic Ibibio)
bop,tie,(generic Ibibio)
bop,tight,(generic Ibibio)
kok,grind,(generic Ibibio)
kok,vomit,(generic Ibibio)
sin,put,(generic Ibibio)
sin,reject,(generic Ibibio)
yed,wash,(generic Ibibio)
yed,dissolve,(generic Ibibio)
tem,boil,(generic Ibibio)
tem,clear,(generic Ibibio)
tem,sit,(generic Ibibio)
edong,knee,(generic Ibibio)
edong,sheep,(generic Ibibio)
edong,put in,(generic Ibibio)
duok,pour,(generic Ibibio)
duok,lose,(generic Ibibio)
duok,throwaway,(generic Ibibio)
nsungikang,smoke,(generic Ibibio)
nsungikang,ship,(generic Ibibio)
mbiet,grass,(generic Ibibio)
mbiet,semblance,(generic Ibibio)
anye ami ado ntọọngọ ubon,this is the genealogya of,(generic Ibibio)
anye ami,this is,(generic Ibibio)
anye,that,(generic Ibibio)
anye,he,(generic Ibibio)
anye,her,(generic Ibibio)
anye,it,(generic Ibibio)
anye,this,(generic Ibibio)
anye ado,that is,(generic Ibibio)
ami,this,(generic Ibibio)
ando,that,(generic Ibibio)
adado,that is,(generic Ibibio)
ntongo,begining,(generic Ibibio)
ubon,genealogy,(generic Ibibio)
ubon,tribe,(generic Ibibio)
ubon,kindred,(generic Ibibio)
oruk,kindred,(Efik-Ibibio)
iman,kin,(generic Ibibio)
ayin,child,(generic Ibibio)
ke ini,when,(generic Ibibio)
ke ini,in time,(generic Ibibio)
kini,when,(Efik-Ibibio)
kini,in time,(Efik-Ibibio)
amaakemana ke,was birthed at,(generic Ibibio)
amaakemana ke,was birthed in,(generic Ibibio)
amaakemana,was birthed,(generic Ibibio)
ke,at,(generic Ibibio)
ke,in,(generic Ibibio)
ama,was,(generic Ibibio)
akemana,birthed,(generic Ibibio)
asiere,goodnight,(generic Ibibio)
esiere,goodnight,(Efik-Ibibio)
achiere,goodnight,(Annang-Ibibio)
inikied,once,(generic Ibibio)
do,there,(generic Ibibio)
kuwem,live,(generic Ibibio)
aduwem,alive,(generic Ibibio)
uyen,young,(generic Ibibio)
anying,name,(generic Ibibio)
akere,named,(generic Ibibio)
amo,his,(generic Ibibio)
amo,her,(generic Ibibio)
mmo,they,(generic Ibibio)
mmo,theirs,(generic Ibibio)
amo,she,(generic Ibibio)
amo,his,(generic Ibibio)
asongo,older,(generic Ibibio)
usong,old,(generic Ibibio)
ayineka awonwan,sister,(generic Ibibio)
ayineka awoden,brother,(generic Ibibio)
ette,father,(generic Ibibio)
ette,dad,(generic Ibibio)
eka,mother,(generic Ibibio)
eka,mom,(generic Ibibio)
ayineka eka awonwan,aunt,(generic Ibibio)
ayineka ette awonwan,aunt,(generic Ibibio)
ayineka eka awoden,uncle,(generic Ibibio)
ayineka ette awoden,uncle,(generic Ibibio)
ayinette ekammi awonwan,aunt,(generic Ibibio)
ayinette ettemmi awonwan,aunt,(generic Ibibio)
ayinette ekammi awoden,uncle,(generic Ibibio)
ayinette ettemmi awoden,uncle,(generic Ibibio)
adoko,told,(generic Ibibio)
andoko,told me,(generic Ibibio)
mbuk,story,(generic Ibibio)
mme mbuk,stories,(generic Ibibio)
abanga,about,(generic Ibibio)
ambanga,about me,(generic Ibibio)
ado,but,(generic Ibibio)
ado,it is,(generic Ibibio)
ado,its,(generic Ibibio)
mme,these,(generic Ibibio)
ado,are,(generic Ibibio)
mbuk,tale,(generic Ibibio)
mbukeset,history,(generic Ibibio)
eset,past,(generic Ibibio)
eset,history,(generic Ibibio)
akan,old,(generic Ibibio)
akani,old,(Efik-Ibibio)
nkan,olden,(generic Ibibio)
akan,victory,(generic Ibibio)
akan,victorious,(generic Ibibio)
akan,greater,(generic Ibibio)
ado,were,(generic Ibibio)
mme mbuk,tales,(generic Ibibio)
edongo,they are,(generic Ibibio)
akabado,actually,(generic Ibibio)
akabado,really,(generic Ibibio)
akpaniko,fact,(generic Ibibio)
akpaniko,truth,(generic Ibibio)
ata,real,(generic Ibibio)
ndion,so,(generic Ibibio)
ndien,so,(Efik-Ibibio)
edidem,king,(generic Ibibio)
idem,deity,(generic Ibibio)
ndem,deity,(generic Ibibio)
mmo,those,(generic Ibibio)
iba,two,(generic Ibibio)
iba,pants,(generic Ibibio)
afongukot,trousers,(generic Ibibio)
nduonduo,gown,(generic Ibibio)
mboho,set,(generic Ibibio)
mboho,gathering,(generic Ibibio)
mboho,congregation,(generic Ibibio)
owuo,out,(generic Ibibio)
awuo,walkout,(generic Ibibio)
awuo,walkaway,(generic Ibibio)
sanga,walk,(generic Ibibio)
isang,walk,(generic Ibibio)
isang,journey,(generic Ibibio)
isang,trip,(generic Ibibio)
awuo,left,(generic Ibibio)
nnasia,right,(generic Ibibio)
udom,right,(generic Ibibio)
ufien,left,(Efik-Ibibio)
ufion,left,(generic Ibibio)
ubok,hand,(generic Ibibio)
ukod,leg,(generic Ibibio)
ukot,leg,(Efik-Ibibio)
nnamisang,adventure,(generic Ibibio)
eka,they go,(generic Ibibio)
eka,they went,(generic Ibibio)
ebiat,destroy,(Efik-Ibibio)
ebiad,destroy,(generic Ibibio)
mbiara,spoilt,(generic Ibibio)
mbiara,destroyed,(generic Ibibio)
afid,every,(generic Ibibio)
ofri,every,(Efik-Ibibo)
afid,cutlass,(generic Ibibio)
afid,sword,(generic Ibibio)
ofuri,cutlass,(generic Ibibio)
ofuri,sword,(generic Ibibio)
okobo,machete,(generic Ibibio)
idiok,evil,(generic Ibibio)
aduwem mkpo,creature,(generic Ibibio)
esoboke,encounter,(generic Ibibio)
esobode,encounter,(Efik-Ibibio)
esoboke,meet,(generic Ibibio)
esobode,meet,(Efik-Ibibio)
esimeke,meet,(generic Ibibio)
sime,reach to,(generic Ibibio)
sim,reach,(generic Ibibio)
sim,arrive,(generic Ibibio)
asim,he reached,(generic Ibibio)
asim,she reached,(generic Ibibio)
esim,they reached,(generic Ibibio)
asim,it reached,(generic Ibibio)
ndion,eventually,(generic Ibibio)
ndien,eventually,(Efik-Ibibio)
kied,one,(generic Ibibio)
kiet,one,(Efik-Ibibio)
abo,got,(generic Ibibio)
abo,get,(generic Ibibio)
emum,caught,(generic Ibibio)
mum,catch,(generic Ibibio)
ta,chew,(generic Ibibio)
ta,eat,(generic Ibibio)
dia,eat,(generic Ibibio)
afidowo,everyone,(generic Ibibio)
etua,mourn,(generic Ibibio)
ntuanga,mourning,(generic Ibibio)
etuanga,they mourned,(generic Ibibio)
ado,that,(generic Ibibio)
death,mkpa,(generic Ibibio)
kpa,die,(generic Ibibio)
wod,kill,(generic Ibibio)
wot,kill,(Efik-Ibibio)
kaiso,continue,(generic Ibibio)
akaiso,he continued,(generic Ibibio)
akaiso,she continued,(generic Ibibio)
ekaiso,they continued,(generic Ibibio)
kpenge,slay,(generic Ibibio)
tutu,until,(generic Ibibio)
tutu,till,(generic Ibibio)
mkpong,tomorrow,(generic Ibibio)
mkpong,yesterday,(generic Ibibio)
ubak mkpong,next tomorrow,(generic Ibibio)
edem mkpong,day before yesterday,(generic Ibibio)
nko,too,(generic Ibibio)
akene,followed,(generic Ibibio)
kene,follow,(generic Ibibio)
adian,joined,(generic Ibibio)
dian,join,(generic Ibibio)
diana,join,(generic Ibibio)
diana,fellowship,(generic Ibibio)
diana,cooperate,(generic Ibibio)
mbiba,both,(generic Ibibio)
mmo mbiba,both are,(generic Ibibio)
tenge,rever,(generic Ibibio)
utenge,reverence,(generic Ibibio)
ndik,fear,(generic Ibibio)
ndik,awe,(generic Ibibio)
nte,as,(generic Ibibio)
nte,same,(generic Ibibio)
akwa,legend,(generic Ibibio)
akwakwa,legendary,(generic Ibibio)
mbonuko,heroes,(generic Ibibio)
owouko,heroe,(generic Ibibio)
afid,all,(generic Ibibio)
diongo,know,(generic Ibibio)
idiongo,sign,(generic Ibibio)
idiong,wizardry,(generic Ibibio)
diong,bless,(generic Ibibio)
edidiong,blessing,(generic Ibibio)
ediong,blessed,(generic Ibibio)
ifod,wizardry,(generic Ibibio)
ifod,witchcraftcy,(generic Ibibio)
uso,skill,(generic Ibibio)
mkpaidem,incredible,(generic Ibibio)
mkpaidem,marvel,(generic Ibibio)
nsioho,mockery,(generic Ibibio)
nyoh,mystery,(generic Ibibio)
utom,work,(generic Ibibio)
utom,act,(generic Ibibio)
utom,deeds,(generic Ibibio)
utom,job,(generic Ibibio)
sangasung,farewell,(generic Ibibio)
yaknka,goodbye,(generic Ibibio)
yakndi,see you later,(generic Ibibio)
mana,again,(generic Ibibio)
adidem,king,(generic Ibibio)
edibip,they asking,(generic Ibibio)
edibip,them asking,(generic Ibibio)
ndibip,me asking,(generic Ibibio)
adibip,him asking,(generic Ibibio)
adibip,she asking,(generic Ibibio)
bip,ask,(generic Ibibio)
mbime,question,(generic Ibibio)
ndubip,question,(generic Ibibio)
mbime,query,(generic Ibibio)
ndubip,query,(generic Ibibio)
ete,saying,(generic Ibibio)
ate,said,(generic Ibibio)
nte,i said,(generic Ibibio)
mbo,i am saying,(generic Ibibio)
mmo,where,(generic Ibibio)
anye,whom,(generic Ibibio)
amanake,birthed,(generic Ibibio)
aman,birth,(generic Ibibio)
nte,like,(generic Ibibio)
ate,like,(generic Ibibio)
nyin,we,(generic Ibibio)
imaikit,we saw,(generic Ibibio)
imikit,we see,(generic Ibibio)
imaikut,we saw,(Efik-Ibibio)
imikut,we see,(Efik-Ibibio)
kit,see,(generic Ibibio)
kut,see,(Efik-Ibibio)
ntantafiong,star,(generic Ibibio)
ntantafiong,twinkling star,(generic Ibibio)
ntanta,twinkling,(generic Ibibio)
afiong,moon,(generic Ibibio)
ntanta,star,(generic Ibibio)
ofiong,moon,(generic Ibibio)
usakkautin,east,(generic Ibibio)
usakkautin,sunrise,(generic Ibibio)
usakka,splitting,(generic Ibibio)
saka,splitted,(generic Ibibio)
sak,laugh,(generic Ibibio)
usakedet,milk teeth,(generic Ibibio)
siak,split,(generic Ibibio)
siak,split it,(generic Ibibio)
edet,tooth,(generic Ibibio)
edet,teeth,(generic Ibibio)
ndin,then,(generic Ibibio)
ndion,then,(generic Ibibio)
ndien,then,(Efik-Ibibio)
idi,we came,(generic Ibibio)
idi,we come,(generic Ibibio)
ndi,i come,(generic Ibibio)
ndi,i came,(generic Ibibio)
adikpono,to worship,(generic Ibibio)
ndikpono,to worship,(Efik-Ibibio)
kpono,worship,(generic Ibibio)
kpono,honour,(generic Ibibio)
kpono,respect,(generic Ibibio)
kpono,obeisance,(generic Ibibio)
ukpono,worship,(generic Ibibio)
ukpono,respect,(generic Ibibio)
ukpono,obeisance,(generic Ibibio)
afid,every,(generic Ibibio)
afid,all,(generic Ibibio)
ndin idi adikpono anye,and have come to worship him,(generic Ibibio)
ini,when,(generic Ibibio)
ini,time,(generic Ibibio)
amaafịna anye,he was disturbed,(generic Ibibio)
amaafịna anye,she was disturbed,(generic Ibibio)
amaafina,was disturbed,(generic Ibibio)
amaafina,was worried,(generic Ibibio)
amaafina,was bothered,(generic Ibibio)
amaafina,was troubled,(generic Ibibio)
afina,worrying,(generic Ibibio)
afina,troubling,(generic Ibibio)
afina,disturbing,(generic Ibibio)
fina,disturb,(generic Ibibio)
fina,bother,(generic Ibibio)
fina,worry,(generic Ibibio)
mfina,trouble,(generic Ibibio)
amaakekood,summoned all,(generic Ibibio)
amaakood,summoned,(generic Ibibio)
akood,called,(generic Ibibio)
kood,call,(generic Ibibio)
sin,put,(generic Ibibio)
uyo,voice,(generic Ibibio)
uyo,bush mango,(generic Ibibio)
uyo,pastery,(generic Ibibio)
uyo,bread,(generic Ibibio)
uyo,biscuit,(generic Ibibio)
aku,priest,(generic Ibibio)
oku,priest,(generic Ibibio)
efa,artist,(generic Ibibio)
efa,priest,(generic Ibibio)
mfa,artistry,(generic Ibibio)
ifa,priest,(generic Ibibio)
andikpeb,teacher,(generic Ibibio)
kpeb,teach,(generic Ibibio)
akpeb,student,(generic Ibibio)
akpeb,learner,(generic Ibibio)
akpebmkpo,tutor,(generic Ibibio)
akpeb,tutor,(generic Ibibio)
ibed,law,(generic Ibibio)
ibed,taboo,(generic Ibibio)
ibed,forbidden,(generic Ibibio)
ibon,gather,(generic Ibibio)
ibon,together,(generic Ibibio)
ibon,group,(generic Ibibio)
mbono,gathering,(generic Ibibio)
bono,grouping,(generic Ibibio)
mbono,meeting,(generic Ibibio)
abanga,concerning,(generic Ibibio)
ibanga,gossip,(generic Ibibio)
abanga,mentioning,(generic Ibibio)
ibanga,mentions,(generic Ibibio)
banga,mention,(generic Ibibio)
banga,refer,(generic Ibibio)
abanga,referring,(generic Ibibio)
itie,seat,(generic Ibibio)
itie,site,(generic Ibibio)
itie,state,(generic Ibibio)
itie,station,(generic Ibibio)
itie,point,(generic Ibibio)
akenaha,would have,(generic Ibibio)
akenaha,could have,(generic Ibibio)
naha,have,(generic Ibibio)
amana,birthed,(generic Ibibio)
do,there,(generic Ibibio)
do,done,(generic Ibibio)
mi,here,(generic Ibibio)
akem,enough,(generic Ibibio)
emaeboro,they did reply,(generic Ibibio)
emaeboro,they did respond,(generic Ibibio)
ema,they did,(generic Ibibio)
eboro,they reply,(generic Ibibio)
eboro,they respond,(generic Ibibio)
iboro,response,(generic Ibibio)
iboro,reply,(generic Ibibio)
iboro,answer,(generic Ibibio)
akewet,he wrote,(generic Ibibio)
akewet,she wrote,(generic Ibibio)
ekewet,they wrote,(generic Ibibio)
idoro,like that,(generic Ibibio)
idodo,like that,(generic Ibibio)
eke,they,(generic Ibibio)
ewet,writers,(generic Ibibio)
awet,writer,(generic Ibibio)
wet,write,(generic Ibibio)
nwed,book,(generic Ibibio)
nwet,i write,(generic Ibibio)
nwet,i wrote,(generic Ibibio)
se,see,(generic Ibibio)
se,watch,(generic Ibibio)
sese,see,(generic Ibibio)
kase,come see,(generic Ibibio)
kase,look at,(generic Ibibio)
se,look,(generic Ibibio)
sese,look,(generic Ibibio)
nse,i see,(generic Ibibio)
nse,i look,(generic Ibibio)
ase,he looks,(generic Ibibio)
ase,she looks,(generic Ibibio)
ese,they look,(generic Ibibio)
ese,testify,(generic Ibibio)
ese,testimony,(generic Ibibio)
ndin,then,(generic Ibibio)
ndiin,condiments,(generic Ibibio)
ndion,condiments,(generic Ibibio)
ifu,lazy,(generic Ibibio)
ifu,slothful,(generic Ibibio)
idiaha,not eating,(generic Ibibio)
isong,land,(generic Ibibio)
isong,ground,(generic Ibibio)
obot,land,(generic Ibibio)
mmong,water,(generic Ibibio)
idim,stream,(generic Ibibio)
edim,rain,(generic Ibibio)
inyang,river,(generic Ibibio)
akpa,wide,(generic Ibibio)
akpammong,large river,(generic Ibibio)
akpainyang,ocean,(generic Ibibio)
akpa,ocean,(generic Ibibio)
akpa,sea,(generic Ibibio)
akpammong,sea,(generic Ibibio)
oyobio,storm,(generic Ibibio)
afim,wind,(generic Ibibio)
dep,raining,(generic Ibibio)
ibiok,fount,(generic Ibibio)
ibiok,spring,(generic Ibibio)
usippe ukan,not smaller than,(generic Ibibio)
usippe,not smaller,(generic Ibibio)
usipnkan,smaller,(generic Ibibio)
usip,small,(generic Ibibio)
sip,small,(generic Ibibio)
isip,kernel,(generic Ibibio)
isip,seed,(generic Ibibio)
ndomoked,by no means,(generic Ibibio)
ndomoked,none,(generic Ibibio)
nteked,none,(generic Ibibio)
nteked,by no means,(generic Ibibio)
ndomo,tempting,(generic Ibibio)
domo,tempt,(generic Ibibio)
ndomo,examining,(generic Ibibio)
domo,examine,(generic Ibibio)
udomo,examination,(generic Ibibio)
udomo,test,(generic Ibibio)
ked,one,(generic Ibibio)
keed,one,(generic Ibibio)
atu,among,(generic Ibibio)
otu,among,(generic Ibibio)
sia,for,(generic Ibibio)
ntak,because,(generic Ibibio)
ntak,cause,(generic Ibibio)
ntak,reason,(generic Ibibio)
andikara,ruler,(generic Ibibio)
adito,come from,(generic Ibibio)
adito,emanate,(generic Ibibio)
adido,will be,(generic Ibibio)
adido,shall be,(generic Ibibio)
adido,subsequent,(generic Ibibio)
adido,subsequently,(generic Ibibio)
andiikpeme,protector,(generic Ibibio)
andikpeme,protector,(generic Ibibio)
andikpeme,guide,(generic Ibibio)
kpeme,guide,(generic Ibibio)
kpeme,direct,(generic Ibibio)
wot,direct,(generic Ibibio)
ukpeme,protect,(generic Ibibio)
ikod,bush,(generic Ibibio)
ikod,people,(generic Ibibio)
ikot,bush,(generic Ibibio)
ikot,people,(Efik-Ibibio)
akood,called,(generic Ibibio)
kood,call,(generic Ibibio)
kod,call,(generic Ibibio)
ikpo,big,(generic Ibibio)
ikpoawo,elders,(generic Ibibio)
ikpowo,elders,(generic Ibibio)
ekambawo,elder,(generic Ibibio)
ekambaowo,elder,(generic Ibibio)
oniong,wisdom,(generic Ibibio)
ifiok,knowledge,(generic Ibibio)
ikike,understanding,(generic Ibibio)
ifiok,wisdom,(generic Ibibio)
ndedibe,hideous,(generic Ibibio)
ndedibe,private,(generic Ibibio)
dibe,hide,(generic Ibibio)
dib,hid,(generic Ibibio)
anyung,therefore,(generic Ibibio)
ikaiya,you all go,(generic Ibibio)
ka,go,(generic Ibibio)
ikitim,deligently,(generic Ibibio)
itim,deligent,(generic Ibibio)
tim,arrange,(generic Ibibio)
tim,set,(generic Ibibio)
adiongo,learned,(generic Ibibio)
diongo,know,(generic Ibibio)
ato,from,(generic Ibibio)
ammo,them,(generic Ibibio)
ukem,same,(generic Ibibio)
ukem,exact,(generic Ibibio)
ukeme,ability,(generic Ibibio)
akewuoho ada,came out to stand,(generic Ibibio)
akewuoho,appeared,(generic Ibibio)
ada,stand,(generic Ibibio)
ada,barren,(generic Ibibio)
ake,which,(generic Ibibio)
akewuoho,which appeared,(generic Ibibio)
ayin,child,(generic Ibibio)
ado,that,(generic Ibibio)
imaikit,when seen,(generic Ibibio)
imaikit,if seen,(generic Ibibio)
inam,endeavour,(generic Ibibio)
inam,let me,(generic Ibibio)
nam,do,(generic Ibibio)
inam,let do,(generic Ibibio)
no,for,(generic Ibibio)
nko,too,(generic Ibibio)
ndiiyung,then,(generic Ibibio)
nke,parable,(generic Ibibio)
nke,did,(generic Ibibio)
emaekekop,they having heard,(generic Ibibio)
ema,they,(generic Ibibio)
ekekop,having heard,(generic Ibibio)
nkekop,did heard,(generic Ibibio)
nkekop,do hear,(generic Ibibio)
kop,heard,(generic Ibibio)
anwanga,understand,(generic Ibibio)
se,what,(generic Ibibio)
aketang,said,(generic Ibibio)
tang,say,(generic Ibibio)
tang,talk,(generic Ibibio)
ima,done,(generic Ibibio)
emaeka,they went,(generic Ibibio)
emaeka,they left,(generic Ibibio)
eka,went,(generic Ibibio)
wo,leave,(generic Ibibio)
woro,leave,(Efik-Ibibio)
sanga,walking,(generic Ibibio)
sangko,keep walking,(generic Ibibio)
sangko,keep going,(generic Ibibio)
isang,walk,(generic Ibibio)
wo,out,(generic Ibibio)
mmewo,i am leaving,(generic Ibibio)
mme owo,people,(generic Ibibio)
iso,forward,(generic Ibibio)
iso,front,(generic Ibibio)
ekekitte,that they saw,(generic Ibibio)
ekekit,they saw,(generic Ibibio)
kit,see,(generic Ibibio)
adat,took,(generic Ibibio)
dat,take,(generic Ibibio)
adat,ripe,(generic Ibibio)
adaidat,red,(generic Ibibio)
ndandat,red,(generic Ibibio)
awawa,green,(generic Ibibio)
mfang,leaf,(generic Ibibio)
ifang,much,(generic Ibibio)
ke,how,(generic Ibibio)
ado,it is,(generic Ibibio)
aketre,it stopped,(generic Ibibio)
atre,stopped,(generic Ibibio)
tre,stop,(generic Ibibio)
itie,seat,(generic Ibibio)
itie,where,(generic Ibibio)
akeabaha,where he was,(generic Ibibio)
akeabaha,where she was,(generic Ibibio)
akeabaha,where it was,(generic Ibibio)
etuak,they hit,(generic Ibibio)
tuak,hit,(generic Ibibio)
tuai,hits,(generic Ibibio)
enuk,pushed,(generic Ibibio)
nuk,push,(generic Ibibio)
yenge,shake,(generic Ibibio)
tuai,shake,(generic Ibibio)
ntuai,shakes,(generic Ibibio)
to,hit,(generic Ibibio)
eto,hit,(generic Ibibio)
to,plant,(generic Ibibio)
eto,planted,(generic Ibibio)
ato,he hits,(generic Ibibio)
ato,she hits,(generic Ibibio)
iwuod,head,(generic Ibibio)
etuak iwuod,bow,(generic Ibibio)
eno,to,(generic Ibibio)
ekpono,worshipped,(generic Ibibio)
etat,opened,(generic Ibibio)
etat,unlocked,(generic Ibibio)
ebere,wedged,(generic Ibibio)
bere,wedge,(generic Ibibio)
ebere,supported,(generic Ibibio)
bere,support,(generic Ibibio)
iberedem,supporter,(generic Ibibio)
ekpad,bag,(generic Ibibio)
nkpo,things,(generic Ibibio)
mkpo,thing,(generic Ibibio)
nkpodoho,property,(generic Ibibio)
itiad,stone,(generic Ibibio)
itiat,stone,(Efik-Ibibio)
itiad,rock,(generic Ibibio)
itiat,rock,(Efik-Ibibio)
enyung,also,(generic Ibibio)
anemutebe,sweet smelling,(generic Ibibio)
anemutebe,scented,(generic Ibibio)
anemufuk,sweet smelling,(generic Ibibio)
anemufuk,scented,(generic Ibibio)
anem,sweetened,(generic Ibibio)
inem,sweet,(generic Ibibio)
nem,fun,(generic Ibibio)
neme,pleasure,(generic Ibibio)
inemesit,happiness,(generic Ibibio)
adan,oil,(generic Ibibio)
adanokwok,honey,(generic Ibibio)
okwok,bee,(generic Ibibio)
sia,because,(generic Ibibio)
sia,since,(generic Ibibio)
totoko,since,(generic Ibibio)
emaekekpan,forwarned,(generic Ibibio)
kpan,warn,(generic Ibibio)
kpan,forbid,(generic Ibibio)
ekpan,forbade,(generic Ibibio)
ekpan,forbidden,(generic Ibibio)
ekpan,warned,(generic Ibibio)
ekpan,noose,(generic Ibibio)
ayid,locked,(generic Ibibio)
udukekpan,hangman noose,(generic Ibibio)
ayid,tears,(generic Ibibio)
ayire,locked,(generic Ibibio)
yid,lock,(generic Ibibio)
ayot,tears,(generic Ibibio)
eyet,tears,(Efik-Ibibio)
tua,cry,(generic Ibibio)
ndap,dream,(generic Ibibio)
ekutimme,do not go back,(generic Ibibio)
ekuutimme,do not go back,(generic Ibibio)
ekekit,to see,(generic Ibibio)
timme,go back,(generic Ibibio)
ku,do not,(generic Ibibio)
idoho,not so,(generic Ibibio)
kit,see,(generic Ibibio)
mana,again,(generic Ibibio)
tre,stop,(generic Ibibio)
aba,stall,(generic Ibibio)
emaesanga usung mfen,they took another route,(generic Ibibio)
emaesanga,they walked,(generic Ibibio)
usung,road,(generic Ibibio)
usung,route,(generic Ibibio)
efak,street,(generic Ibibio)
mfen,another,(generic Ibibio)
dian,add,(generic Ibibio)
enyong obio mmo,returned to their country,(generic Ibibio)
enyong,left,(generic Ibibio)
adi,came,(generic Ibibio)
obio,country,(Efik-Ibibio)
obio,land,(Efik-Ibibio)
obio,city,(Efik-Ibibio)
mmo,theirs,(Efik-Ibibio)
ammo,theirs,(generic Ibibio)
abio,country,(generic Ibibio)
abio,land,(generic Ibibio)
abio,city,(generic Ibibio)
emaekeyongo,when they left,(generic Ibibio)
yong,left,(generic Ibibio)
yong,go home,(generic Ibibio)
yongo,gone,(generic Ibibio)
emaekeyongo,when they were gone,(generic Ibibio)
awut,showed,(Efik-Ibibio)
awot,showed,(generic Ibibio)
wut,show,(Efik-Ibibio)
wot,show,(generic Ibibio)
idem,self,(generic Ibibio)
idem,body,(generic Ibibio)
dakka,be going,(generic Ibibio)
dakka,be gone,(generic Ibibio)
ben,take,(generic Ibibio)
feghe,run,(generic Ibibio)
feghe,flee,(generic Ibibio)
udoko,told,(generic Ibibio)
doko,tell,(generic Ibibio)
kene,follow,(generic Ibibio)
akene,it follows,(generic Ibibio)
akene,he follows,(generic Ibibio)
akene,she follows,(generic Ibibio)
ekene,they follow,(generic Ibibio)
nko,also,(generic Ibibio)
"ama'fon eka idim, aboyo nkok.",the good of the main stream translates to the good of its tributaries,(generic Ibibio)
ndinongo item afere afon nangha edisinne ikpang.,recipe guidance for the broth should be prior to stirring the pot,(generic Ibibio)
eban uno akpenghe ke isong,they keep sharpening for you to blunt it by striking the ground,(generic Ibibio)
ame kpono ndip ukot akan ifukko.,you are respecting (honouring) your calf muscle more than your tighs,(generic Ibibio)
idung isimaha owo ima.,the community (society) do not love you ends,(generic Ibibio)
ikpe nyan inua unam esie ekpe ke afe uduk ikod.,reptilian cases are deliberated in the snake court,(generic Ibibio)
"ebo akporo nangha unen atoro ke ase kuoko efud, nangha mmi mfang akpakwenge k'ikod.",if the the fowls were to wipe their anus after droppings there would have been no more leaves on trees,(generic Ibibio)
"edim akpetuk anyen abong aditan, edikuokoke idod.",the rains might keep falling but editan does not lose its bitterness,(generic Ibibio)
ebo ke idoho nke awo asasanga kusung ananna ayen ndien ediongo ke nnanayen asim anye nko,not until one walks about eyes wide opened can it be said that one has seen trouble,(generic Ibibio)
akan ndak ukot akedo akpin.,the fermented palmwine was once fresh,(generic Ibibio)
suop ye nsun idoho ama.,the soap and housefly are not lovers,(generic Ibibio)
ayop afon ifang atongno ke uten.,the good yield palm bunches are seen from their tree health,(generic Ibibio)
aboyo iso amono eyin idim.,the first in line sees the colour of the stream,(generic Ibibio)
eyen uwuene ase atongo ndien ke ekwong.,the poor child sumptuous meals begins with snail as meat,(generic Ibibio)
idoho daha eyen abre ke eba esit eka kebre ke ekpah mfed ette.,a child can play with the mother's breast and not with the father's testicles,(generic Ibibio)
akpan aminama nte aya ana wan ette owo se idoho wan ino.,if the first son does not threaten to sleep with his stepmom he is not granted to take a wife,(generic Ibibio)
akpa eyen ufoknwed okpok aketo odo.,the lizard was always the first in school,(generic Ibibio)
nduk akpakpa ye ekpu.,such association of corn with the rat,(generic Ibibio)
nyin itiat ase ana nte eka ana.,the stone is stays with the rock,(generic Ibibio)
mikpiidoho uso akpa adiongo uka.,if not for your dad how would you know your mom,(generic Ibibio)
owo imaha eka ikpong akema nkok.,one does not love the cocoyam tuber much less love its finger,(generic Ibibio)
asanga ase adia nte aka.,a wanderer eats along the way,(generic Ibibio)
ama otodoh ado ama kwuoko efod.,when you are done pooing clean your anus,(generic Ibibio)
ekuwod owo uko mbak usen mkpo ata.,save the valiant for the day of reckoning,(generic Ibibio)
akwa ikang oyom akwa ofob.,great fire serves the great offering,(generic Ibibio)
ikpong ibiete akumadia.,why eat undone cocoyan,(generic Ibibio)
afaha nte enin ikpong ibenneke.,heavy as an elephant one cannot lift it,(generic Ibibio)
eyen ufok ifiok isikongoke ekpat ufien.,the handbag of a wisdom apprentice is hung rightly,(generic Ibibio)
iwat ama iwat.,the aged loves the aged,(generic Ibibio)
idip adat ndok ono edem.,it is the belly that brings shame to the back,(generic Ibibio)
umeukak anam ibikpot akprak k'ebuk.,longsuffering makes the corn pop under heat,(generic Ibibio)
anie enyen owo k'otu mme nnan ade obong.,the sighted is lord (king) amongst the blind,(generic Ibibio)
anek unek idiongoke nagha edem iba.,the dancer does not know the posture of her back,(generic Ibibio)
etongo k'idap ekpep mkpa.,we learn of death in sleep,(generic Ibibio)
akpere mm'adiongho k'ekwong ayayong mkpa k'emum nkuup.,if i had known the snail will go i would have had it covered,(generic Ibibio)
ama mbre ewa k'ewa awak ofong.,who loves to play with a dog is one whose clothes are torn by the dog,(generic Ibibio)
k'usiik adanga eset.,do not lift the ancient beacon stone,(generic Ibibio)
owo ade inyene.,people is wealth,(generic Ibibio)
kpa nanam ino iyipe idem.,a thief does not steal from himself,(generic Ibibio)
ekpu aboko afia ase fefehe inonongho eto.,a rat that escaped a noose trap avoids bended trees,(generic Ibibio)
nkirikit idoho asen ke akai.,the owl is not stranger in the forest,(generic Ibibio)
"mbogho owo kukpa, mbogho obio ekpo ana nkanga.","i won't say don't die, i won't say let hades be empty",(generic Ibibio)
etok unên tim dia-dia tim diduk.,young fowl eat well out and come home safe,(generic Ibibio)
akpaisong wet daga nkuwet.,army ant draw as i drew yours,(generic Ibibio)
akadang idoho nka ye ekid.,the blade is no peer with the axe,(generic Ibibio)
abiawen asine ke otu ukwak.,the needle is also an iron,(generic Ibibio)
akara nkara isine ubok ke ekpad akara nkara.,the trickster does not dip his hands in another trickster's handbag,(generic Ibibio)
ino otoh ino itah.,a thief beating another thief,(generic Ibibio)
"ideghe usen etipeke abe,ke nfod ase duo adok.",it is not the day the well is dug that the frog jumps in,(Annang-Ibibio)
"ayen akud ete,isidehe nsek.",the child who knows his father is not a baby,(Annang-Ibibio)
"ekpe kiene inua ewa, owo ikpi itaha ewa",if the dogs mouth should be a factor in one would not eat its meat,(Annang-Ibibio)
inna amma anem abaikpa ke ase abbene ukod akong ke ayong.,it is only when a young girl loves the sex that she lifts her leg up,(Annang-Ibibio)
ono owo ndok itreke idia ibio.,one who shames another shares a part in it,(generic Ibibio)
iko kiet akem anie ibuot owo.,a word is enough for a wise,(Efik-Ibibio)
usen eka afim ke se kid efut unen.,on a windy day we see the fowls anus,(generic Ibibio)
ewa atoyo se ke adia akoro inua.,the dog licks its lips when it recalls a certain meal,(generic Ibibio)
eka,mother,(generic Ibibio)
ette,father,(generic Ibibio)
unie,parents,(generic Ibibio)
anwan,wife,(generic Ibibio)
ebe,husband,(generic Ibibio)
ayiniden,son,(generic Ibibio)
ayiniban,daughter,(generic Ibibio)
ndito,children,(generic Ibibio)
ayakaiden,brother,(generic Ibibio)
ayakaiban,sister,(generic Ibibio)
nditoeka,siblings,(generic Ibibio)
ndito nyeyen,cousins,(generic Ibibio)
ayaka,relatives,(generic Ibibio)
ayinayakaiden,nephew,(generic Ibibio)
ayinayaiban,niece,(generic Ibibio)
mme nsobom,grandparents,(generic Ibibio)
ekam,grandmother,(generic Ibibio)
etebom,grandfather,(generic Ibibio)
nyeyeniden,grandson,(generic Ibibio)
nyeyeniban,granddaughter,(generic Ibibio)
nditondito,grandchildren,(generic Ibibio)
adansanga,spouse,(generic Ibibio)
ete ndo,father-in-law,(generic Ibibio)
eka ndo,mother-in-law,(generic Ibibio)
ette nyin emi odude ke heaven,our father in heaven,(Efik-Ibibio)
nam nyin ikpono aying mfo,hallowed be your name,(Efik-Ibibio)
ini ubong mfo edi,your kingdom come,(Efik-Ibibio)
yak inam uduak mfo,your will be done,(generic Ibibio)
ke isong nte enamde ke heaven,on earth as in heaven,(Efik-Ibibio)
no nyoin udia ekekemde nyin ke usen,give us today our daily bread,(Efik-Ibibio)
daha do no me idiok mkpo nyin,forgive us our sins,(Efik-Ibibio)
nte nyin idahade ino mmo eke namde nyin idiok,as we forgive those who sin against us,(Efik-Ibibio)
kuda nyin usin ke idomo edi sio nyin ke idiok,lead us not into temptation but deliver us from evil,(Efik-Ibibio)
"koro obioubong, odudu ye ubong enie fi ke emi ye ke nsinsi","for the kingdom, the power, and the glory are yours now and forever",(Efik-Ibibio)
obioubong,kingdom,(Efik-Ibibio)
odudu,power,(Efik-Ibibio)
ubong,glory,(Efik-Ibibio)
nsinsi,forever,(Efik-Ibibio)
inwek,breath,(generic Ibibio)
inwek,strength,(generic Ibibio)
inwek,power,(generic Ibibio)
ebot,goat,(generic Ibibio)
ufene,cattle,(generic Ibibio)
enang,cow,(generic Ibibio)
enang,horse,(generic Ibibio)
ekpu,rat,(generic Ibibio)
eku,mouse,(Annang-Ibibio)
usine,mouse,(generic Ibibio)
adua,squirrel,(generic Ibibio)
ewa,dog,(generic Ibibio)
ebua,dog,(Efik-Ibibio)
anwa,cat,(generic Ibibio)
erong,sheep,(generic Ibibio)
edi,pig,(generic Ibibio)
ekpe,leopard,(generic Ibibio)
ekpe,cheetah,(generic Ibibio)
nyamekpe,lion,(generic Ibibio)
enin,elephant,(generic Ibibio)
ebok,monkey,(generic Ibibio)
idiok,chimpanzee,(generic Ibibio)
omonidiok,gorilla,(generic Ibibio)
ekwong,snail,(generic Ibibio)
udukikod,snake,(generic Ibibio)
urukikot,snake,(Efik-Ibibio)
okpok,lizard,(Efik-Ibibio)
akpok,lizard,(generic Ibibio)
afiom,crocodile,(generic Ibibio)
effiom,crocodile,(Efik-Ibibio)
iquod,frog,(generic Ibibio)
utai,alligator,(generic Ibibio)
unen,fowl,(generic Ibibio)
unen,chicken,(generic Ibibio)
awowo,duck,(generic Ibibio)
ikid mmong,turtle,(generic Ibibio)
ikid,tortoise,(generic Ibibio)
ekongabukayop,crow,(generic Ibibio)
utere,vulture,(generic Ibibio)
ndukpo,hawk,(generic Ibibio)
ntrukpom,sea eagle,(generic Ibibio)
akukwo,falcon,(generic Ibibio)
akpaisong,fire ant,(generic Ibibio)
mkpoikot,soldier ant,(generic Ibibio)
utung,worm,(generic Ibibio)
ukpongayin,gecko,(generic Ibibio)
mfem,cockroach,(generic Ibibio)
atad,wasp,(generic Ibibio)
nsung,housefly,(generic Ibibio)
mkpuk,sandfly,(generic Ibibio)
abong,mosquito,(generic Ibibio)
ntinya,fruitfly,(generic Ibibio)
akwok,bee,(generic Ibibio)
ufadikang,water scorpion,(generic Ibibio)
isobo,crab,(generic Ibibio)
nkang,centipede,(generic Ibibio)
etim,millipede,(generic Ibibio)
ayud,cane rat,(generic Ibibio)
mkpekpem,bat,(generic Ibibio)
nkidikid,owl,(generic Ibibio)
ndube,winged termites,(generic Ibibio)
ebunkakad,termites colony,(generic Ibibio)
ebu,termites,(generic Ibibio)
iyak,fish,(generic Ibibio)
nkakad,termite,(generic Ibibio)
inagha,catfish,(generic Ibibio)
adiaha,first daughter,(generic Ibibio)
Ami nta' akara,I am eating akara,(Annang-Ibibio)
Ikp,cocoyam,(Annang-Ibibio)
Ukpanya',spanish,(Annang-Ibibio)
uwak,several,(Annang-Ibibio)
isantim,hippopotamus,(generic Ibibio)
akukwo,falcon,(generic Ibibio)
Akanam nkwe Obong,I have never seen the Lord,(Efik-Ibibio)
eda mi ekewut ebiet Obong odude,take me to where the Lord is,(Efik-Ibibio)
"akanam nkwe Obong, eda mi ekewut ebiet Obong odude","I have never seen the Lord, take me to where the Lord is",(Efik-Ibibio)
ami nta akara,I am eating akara ,(Oron-Ibibio)
ikpong,cocoyam ,(Oron-Ibibio)
mama,and ,(Oron-Ibibio)
ma,with ,(Oron-Ibibio)
mama,and ,(Oron-Ibibio)
ma,with ,(Oron-Ibibio)
mawikiwak,several ,(Oron-Ibibio)
imaoku,others ,(Oron-Ibibio)
akafrang,fried ,(Oron-Ibibio)
nkpo,thing ,(Oron-Ibibio)
uyum,noise ,(Oron-Ibibio)
nkpo,thing ,(Oron-Ibibio)
eyin iko Abasi ku use mfin,we thank god for today ,(Oron-Ibibio)
eyin,we,(Oron-Ibibio)
eyin iko,we give ,(Oron-Ibibio)
uyoabasi,god ,(Oron-Ibibio)
uwakeko,thanks ,(Oron-Ibibio)
imaeko,greetings ,(Oron-Ibibio)
eduwem,courtesy ,(Oron-Ibibio)
use,day ,(Oron-Ibibio)
usemfin,today ,(Oron-Ibibio)
so dika konung kuto asuana,where will you go after work ,(Oron-Ibibio)
ofu molaha,are you leaving ,(Oron-Ibibio)
ofu mokaha,are you going ,(Oron-Ibibio)
tongo idilaha,be leaving ,(Oron-Ibibio)
tongo idika,be going ,(Oron-Ibibio)
ka,go ,(Oron-Ibibio)
konung,where ,(Oron-Ibibio)
uto,work ,(Oron-Ibibio)
uto,job ,(Oron-Ibibio)
uto,service ,(Oron-Ibibio)
mukid ofu asuan,when you dismiss ,(Oron-Ibibio)
ini oku ofu asuan,when you disperse ,(Oron-Ibibio)
emime owi ofu,loved one ,(Oron-Ibibio)
ofu,do you ,(Oron-Ibibio)
ofu ekene,you did ,(Oron-Ibibio)
nsisu ndine no fi,what should I do for you ,(Oron-Ibibio)
nsisu ndine no fi,what should I do for you ,(Oron-Ibibio)
sohofu eme,you wish ,(Oron-Ibibio)
ne,do ,(Oron-Ibibio)
nenyo,act ,(Oron-Ibibio)
amine,do I ,(Oron-Ibibio)
dili uni kini uniokit ma okpu ofu,come buy chicken for happy hour with your mate ,(Oron-Ibibio)
dili uni kini uniokit ma okpu ofu,come ,(Oron-Ibibio)
boho,take ,(Oron-Ibibio)
uni,fowl ,(Oron-Ibibio)
oyouni,chicken ,(Oron-Ibibio)
li,buy ,(Oron-Ibibio)
owi,human ,(Oron-Ibibio)
owi,person ,(Oron-Ibibio)
okofu,yours ,(Oron-Ibibio)
okeme ikpei owi omeyie eferetemon,you can hire a peppersoup vendor rather ,(Oron-Ibibio)
ofu okeme,you can ,(Oron-Ibibio)
ofu onyi ukeme,you are able ,(Oron-Ibibio)
ku ikpe,litigate ,(Oron-Ibibio)
kpei,pay ,(Oron-Ibibio)
okuk,money ,(Oron-Ibibio)
nkpo omu enefere oni,condiment ,(Oron-Ibibio)
ofu onon,for you ,(Oron-Ibibio)
utukon,rather ,(Oron-Ibibio)
idinekenun odihi,alternatively ,(Oron-Ibibio)
numenususon,otherwise ,(Oron-Ibibio)
ka siak obirisi ufie,go slap a policeman ,(Oron-Ibibio)
okpu udiok udiok,woeful real woeful ,(Oron-Ibibio)
mbom,mercy ,(Oron-Ibibio)
iyehe,pity ,(Oron-Ibibio)
isime ibana,sympathy ,(Oron-Ibibio)
otun eti eti,real deep ,(Oron-Ibibio)
akpanikwo,real ,(Oron-Ibibio)
mai,beat ,(Oron-Ibibio)
obirisi,police ,(Oron-Ibibio)
ufie,slap ,(Oron-Ibibio)
oyoho oyowienei inang nonu oyoho itin,fourth or fifth son ,(Oron-Ibibio)
ubaha kofu omono mi okuk,I wish you give me money ,(Oron-Ibibio)
ami nluho,I want ,(Oron-Ibibio)
utum,door,(Oron-Ibibio)
okpodihi,road,(Oron-Ibibio)
odihi,way,(Oron-Ibibio)
fufu,fufu,(Oron-Ibibio)
okpo mbube,thick,(Oron-Ibibio)
ofon,lord,(Oron-Ibibio)
akirikara,ruler,(Oron-Ibibio)
ofon,king,(Oron-Ibibio)
ofon,chief,(Oron-Ibibio)
kiok ukpetung,shout,(Oron-Ibibio)
mfufon,mosquito,(Oron-Ibibio)
ikpe,cane,(Oron-Ibibio)
okeme inu,or,(Oron-Ibibio)
ekung,war,(Oron-Ibibio)
yid sang,hangers on,(Oron-Ibibio)
umai,beat ,(Oron-Ibibio)
tum,pound,(Oron-Ibibio)
nim eyei,keep well,(Oron-Ibibio)
kang,deny,(Oron-Ibibio)
weakana,dry-heating,(Oron-Ibibio)
uku,in-law,(Oron-Ibibio)
uku,leg,(Oron-Ibibio)
sokile,wake,(Oron-Ibibio)
kei,share,(Oron-Ibibio)
kudon onyi,ignore,(Oron-Ibibio)
bieyi siki,overlook,(Oron-Ibibio)
akpa oyo onwieni,first son,(Oron-Ibibio)
ekedonkpo eyokikat,loaded basket,(Oron-Ibibio)
ekpe,bag,(Oron-Ibibio)
ekpad,log,(Oron-Ibibio)
iyire,net,(Oron-Ibibio)
ukemukem,same,(Oron-Ibibio)
ofu ekei uyu,you are contented,(Oron-Ibibio)
okwok,bee,(Oron-Ibibio)
okukwuok,grater,(Oron-Ibibio)
afiaha ison,sweeper,(Oron-Ibibio)
okok ufian nkpo nsihi kedi,toothpick,(Oron-Ibibio)
idi ikok nkpo,grinding,(Oron-Ibibio)
idai,vomiting,(Oron-Ibibio)
afian,moon,(Oron-Ibibio)
afian,month,(Oron-Ibibio)
ki,is,(Oron-Ibibio)
okpo,bone,(Oron-Ibibio)
okpo,rubber,(Oron-Ibibio)
akikai okpo,plastic,(Oron-Ibibio)
abang,pot,(Oron-Ibibio)
asaha saha,it is dirty,(Oron-Ibibio)
biadsihi,counter,(Oron-Ibibio)
eneyiri otu,thickened,(Oron-Ibibio)
ta,chew,(Oron-Ibibio)
mai ata,bet,(Oron-Ibibio)
fo,burn,(Oron-Ibibio)
ukpeme,guard,(Oron-Ibibio)
ekpeme,bottle,(Oron-Ibibio)
okpi,lion,(Oron-Ibibio)
emu ekpei,they pay,(Oron-Ibibio)
emu ekwak,they clap,(Oron-Ibibio)
usin,waist,(Oron-Ibibio)
eyin ikin,we reject,(Oron-Ibibio)
eyin idio,we put,(Oron-Ibibio)
ikwo,song,(Oron-Ibibio)
yak eyin ikwo,let us sing,(Oron-Ibibio)
ima awihiwak ikwo,songs,(Oron-Ibibio)
iwe,cassava,(Oron-Ibibio)
eyin iwa,we sacrifice,(Oron-Ibibio)
nfon,dust,(Oron-Ibibio)
afiyak,crayfish,(Oron-Ibibio)
atak,decay,(Oron-Ibibio)
okpohoudok,hoe,(Oron-Ibibio)
utum,door,(Oron-Ibibio)
ubo,canoe,(Oron-Ibibio)
isek,fat,(Oron-Ibibio)
esesi,breadth,(Oron-Ibibio)
uni,fowl ,(Oron-Ibibio)
unen,right,(Oron-Ibibio)
abaha,split,(Oron-Ibibio)
eseng,slice,(Oron-Ibibio)
faka ile,beware,(Oron-Ibibio)
baha bak,be early,(Oron-Ibibio)
ofu nkpo,creator,(Oron-Ibibio)
ukpotu,hill,(Oron-Ibibio)
oyonobot,mountain,(Oron-Ibibio)
obot,nature,(Oron-Ibibio)
fim,blow,(Oron-Ibibio)
luei,clear,(Oron-Ibibio)
fod,fold,(Oron-Ibibio)
fuo,build,(Oron-Ibibio)
fuo,tie,(Oron-Ibibio)
fuootu,tight,(Oron-Ibibio)
kok,grind,(Oron-Ibibio)
dai,vomit,(Oron-Ibibio)
dio,put,(Oron-Ibibio)
kin,reject,(Oron-Ibibio)
si,wash,(Oron-Ibibio)
sii,dissolve,(Oron-Ibibio)
fe,boil,(Oron-Ibibio)
fum,clear,(Oron-Ibibio)
tei,sit,(Oron-Ibibio)
elon,knee,(Oron-Ibibio)
orong,sheep,(Oron-Ibibio)
dio oluk,put in,(Oron-Ibibio)
kap,pour,(Oron-Ibibio)
tara,lose,(Oron-Ibibio)
tuluok,throwaway,(Oron-Ibibio)
nsun ekang,smoke,(Oron-Ibibio)
nsun ukang,ship,(Oron-Ibibio)
ibi,grass,(Oron-Ibibio)
ukemukem,semblance,(Oron-Ibibio)
omonu,this is,(Oron-Ibibio)
onu,that,(Oron-Ibibio)
owieni,he,(Oron-Ibibio)
ewa,her,(Oron-Ibibio)
ntono,begining,(Oron-Ibibio)
ntono emana,genealogy,(Oron-Ibibio)
ubon inue nsihiki,tribe,(Oron-Ibibio)
nyeti,kindred,(Oron-Ibibio)
nyeti nyeke,kin,(Oron-Ibibio)
oyo,child,(Oron-Ibibio)
ini onung,when,(Oron-Ibibio)
iniem,in time,(Oron-Ibibio)
akamana ku,was birthed at,(Oron-Ibibio)
emana,birthed,(Oron-Ibibio)
okio,goodnight,(Oron-Ibibio)
okpoki,once,(Oron-Ibibio)
nong,there,(Oron-Ibibio)
muwem,live,(Oron-Ibibio)
onyi uwem,alive,(Oron-Ibibio)
nseknsek,young,(Oron-Ibibio)
eyin,name,(Oron-Ibibio)
ekerenyin,named,(Oron-Ibibio)
emu,they,(Oron-Ibibio)
imanu,theirs,(Oron-Ibibio)
ewa,she,(Oron-Ibibio)
onwieni,his,(Oron-Ibibio)
mokion,older,(Oron-Ibibio)
ukion,old,(Oron-Ibibio)
oyeke ewa,sister,(Oron-Ibibio)
oyeke owieni,brother,(Oron-Ibibio)
eti,father,(Oron-Ibibio)
eti,dad,(Oron-Ibibio)
eke,mother,(Oron-Ibibio)
eke,mom,(Oron-Ibibio)
oyoeke onueke ma oyoeke eti,aunt,(Oron-Ibibio)
oyoeke onueke ewa ma onwieni,aunt,(Oron-Ibibio)
oyoeke owieni onu eti ofu ma eke,uncle,(Oron-Ibibio)
oyoeke ewa onu eti ma eke ofu,uncle,(Oron-Ibibio)
nsini omu ekesuho efei,told,(Oron-Ibibio)
okodoho mi,told me,(Oron-Ibibio)
mbuk,story,(Oron-Ibibio)
uwak imambuk,stories,(Oron-Ibibio)
abanga,about,(Oron-Ibibio)
abanga mi,about me,(Oron-Ibibio)
onu,but,(Oron-Ibibio)
onuson,it is,(Oron-Ibibio)
imauwak nkpomu,these,(Oron-Ibibio)
awak efei ki,are,(Oron-Ibibio)
ndok,tale,(Oron-Ibibio)
nsini omu ekefei,history,(Oron-Ibibio)
nkpo mu ekefei,past,(Oron-Ibibio)
akang,old,(Oron-Ibibio)
eki,olden,(Oron-Ibibio)
okike,victory,(Oron-Ibibio)
onyi okike,victorious,(Oron-Ibibio)
awak oke,greater,(Oron-Ibibio)
okonu,were,(Oron-Ibibio)
emu ewak esim,they are,(Oron-Ibibio)
kunenen,actually,(Oron-Ibibio)
idinekedisuhu,really,(Oron-Ibibio)
akpan insihi,fact,(Oron-Ibibio)
akpan ikwo,truth,(Oron-Ibibio)
nenen,real,(Oron-Ibibio)
son,so,(Oron-Ibibio)
ofon,king,(Oron-Ibibio)
oluhu,deity,(Oron-Ibibio)
iba,two,(Oron-Ibibio)
uyoiba ofoho ile,pants,(Oron-Ibibio)
useuku,trousers,(Oron-Ibibio)
ewura,gown,(Oron-Ibibio)
eboho,gathering,(Oron-Ibibio)
otuewi,congregation,(Oron-Ibibio)
owo,out,(Oron-Ibibio)
sanawo,walkout,(Oron-Ibibio)
sanaka,walkaway,(Oron-Ibibio)
sana,walk,(Oron-Ibibio)
isang,walk,(Oron-Ibibio)
ofodihi isang,journey,(Oron-Ibibio)
idika isang,trip,(Oron-Ibibio)
ufihi,left side,(Oron-Ibibio)
ulo,right side,(Oron-Ibibio)
ubok,hand,(Oron-Ibibio)
uku,leg,(Oron-Ibibio)
emu eka,they go,(Oron-Ibibio)
emu ekeka,they went,(Oron-Ibibio)
biat,destroy,(Oron-Ibibio)
idisobo,destroy,(Oron-Ibibio)
abiara,spoilt,(Oron-Ibibio)
ekebiat,destroyed,(Oron-Ibibio)
efidefid,every,(Oron-Ibibio)
ofit ute ibi,every,(Oron-Ibibio)
akangkang,cutlass,(Oron-Ibibio)
ofit,machete,(Oron-Ibibio)
udiok,evil,(Oron-Ibibio)
nkpo obot,creature,(Oron-Ibibio)
idisobo ma nkpo oyi mayi,encounter,(Oron-Ibibio)
,encounter,(Oron-Ibibio)
idikit,meet,(Oron-Ibibio)
sana sim,reach to,(Oron-Ibibio)
odisim,arrive,(Oron-Ibibio)
owieni okosim,he reached,(Oron-Ibibio)
ewa okosim,she reached,(Oron-Ibibio)
emu ekesim,they reached,(Oron-Ibibio)
kakpatere,eventually,(Oron-Ibibio)
ki,one,(Oron-Ibibio)
okonyi,got,(Oron-Ibibio)
onyi,get,(Oron-Ibibio)
okomuo,caught,(Oron-Ibibio)
muo,catch,(Oron-Ibibio)
ta,chew,(Oron-Ibibio)
lie,eat,(Oron-Ibibio)
efid owi,eat,(Oron-Ibibio)
mfuho,mourn,(Oron-Ibibio)
idifuho,mourning,(Oron-Ibibio)
emu ekefuho,they mourned,(Oron-Ibibio)
onu,that,(Oron-Ibibio)
nkpa,death,(Oron-Ibibio)
akpa,die,(Oron-Ibibio)
wu,kill,(Oron-Ibibio)
kanyi,continue,(Oron-Ibibio)
idiwu,slay,(Oron-Ibibio)
tutu,until,(Oron-Ibibio)
mkpong omu odikiem,tomorrow,(Oron-Ibibio)
mkpong omu ekefiem,yesterday,(Oron-Ibibio)
mkpong omu odikiem mukid efei,next tomorrow,(Oron-Ibibio)
use omuekefei kpahamkpong omuofien,day before yesterday,(Oron-Ibibio)
ukem onu,too,(Oron-Ibibio)
okokong,followed,(Oron-Ibibio)
kong,follow,(Oron-Ibibio)
yidi,joined,(Oron-Ibibio)
diana,join,(Oron-Ibibio)
ebuana,fellowship,(Oron-Ibibio)
ididiana kokidki,cooperate,(Oron-Ibibio)
ufihi ma ulo,both,(Oron-Ibibio)
ufihi ma ulo enu,both are,(Oron-Ibibio)
ukpono,reverence,(Oron-Ibibio)
mbiak,fear,(Oron-Ibibio)
utene,awe,(Oron-Ibibio)
ukem,same,(Oron-Ibibio)
mbukeki,legend,(Oron-Ibibio)
nkpomu owo etu alaha onyiuko,legendary,(Oron-Ibibio)
fafap,all,(Oron-Ibibio)
afak,know,(Oron-Ibibio)
idiono,sign,(Oron-Ibibio)
oduifo,wizardry,(Oron-Ibibio)
diong,bless,(Oron-Ibibio)
odidiong,blessing,(Oron-Ibibio)
ofofongo,blessed,(Oron-Ibibio)
nkaifo,witchcraftcy,(Oron-Ibibio)
nkpo omu otuile idinim,incredible,(Oron-Ibibio)
akpawile,marvel,(Oron-Ibibio)
ididongndok,mockery,(Oron-Ibibio)
nlibinkpo,mystery,(Oron-Ibibio)
uto,work,(Oron-Ibibio)
uyime,deeds,(Oron-Ibibio)
uto,job,(Oron-Ibibio)
sanasung,farewell,(Oron-Ibibio)
kadi,goodbye,(Oron-Ibibio)
misikidini onung,see you later,(Oron-Ibibio)
nko,again,(Oron-Ibibio)
offon,king,(Oron-Ibibio)
bid,ask,(Oron-Ibibio)
mbid,question,(Oron-Ibibio)
mbid,question,(Oron-Ibibio)
sununtak,query,(Oron-Ibibio)
okosuhu,said,(Oron-Ibibio)
ami nkushuhu,I said,(Oron-Ibibio)
ami nsuhu,I am saying,(Oron-Ibibio)
konun,where,(Oron-Ibibio)
nunkowi,whom,(Oron-Ibibio)
emana,birth,(Oron-Ibibio)
alasu,like,(Oron-Ibibio)
eyin,we,(Oron-Ibibio)
eyin ikikid,we saw,(Oron-Ibibio)
eyin ikid,we see,(Oron-Ibibio)
ikid,see,(Oron-Ibibio)
ntanta,star,(Oron-Ibibio)
eminenminen ntanta,twinkling star,(Oron-Ibibio)
minenminen,twinkling,(Oron-Ibibio)
afiang,moon,(Oron-Ibibio)
ntanta,star,(Oron-Ibibio)
afiang,moon,(Oron-Ibibio)
usuakutin,east,(Oron-Ibibio)
utin asiaka,sunrise,(Oron-Ibibio)
bahadedong,splitting,(Oron-Ibibio)
ekebahadedong,splitted,(Oron-Ibibio)
ime,laugh,(Oron-Ibibio)
edimon ebe,milk teeth,(Oron-Ibibio)
ediki,tooth,(Oron-Ibibio)
uwak edi,teeth,(Oron-Ibibio)
nonu,then,(Oron-Ibibio)
ndi,I come,(Oron-Ibibio)
nku ndi,I came,(Oron-Ibibio)
idikpono,to worship,(Oron-Ibibio)
ukpono,honour,(Oron-Ibibio)
nkei usi,obeisance,(Oron-Ibibio)
fafap,every,(Oron-Ibibio)
ofidofid,all,(Oron-Ibibio)
ikidi idikpono onyi,and have come to worship him,(Oron-Ibibio)
ini onung,time,(Oron-Ibibio)
akafana onyi,he was disturbed,(Oron-Ibibio)
akafana,was disturbed,(Oron-Ibibio)
akafana,was worried,(Oron-Ibibio)
oshisiki,worrying,(Oron-Ibibio)
mfanamfana,disturbing,(Oron-Ibibio)
kufana,bother,(Oron-Ibibio)
mfana,trouble,(Oron-Ibibio)
ekufafap ewi ikpe,summoned all,(Oron-Ibibio)
ekeku ikpe,summoned,(Oron-Ibibio)
ekeku,called,(Oron-Ibibio)
ku,call,(Oron-Ibibio)
dio,put,(Oron-Ibibio)
usi,voice,(Oron-Ibibio)
ewiwe uyo,bush mango,(Oron-Ibibio)
uyo,bread,(Oron-Ibibio)
uyo,biscuit,(Oron-Ibibio)
oku,priest,(Oron-Ibibio)
owiomu owid nkpo akpanakpan ndo,artist,(Oron-Ibibio)
idinenkpo idio mfufak ma nyonyo,artistry,(Oron-Ibibio)
ekpieknkpo,teacher,(Oron-Ibibio)
kpiek,teach,(Oron-Ibibio)
owi omu oboho ukpiek nkpo,student,(Oron-Ibibio)
owi omu ekpiek nkpo nyafa,learner,(Oron-Ibibio)
owi omu ono ukpiek,tutor,(Oron-Ibibio)
ibet,law,(Oron-Ibibio)
mbubi,taboo,(Oron-Ibibio)
nkpo omu ekpan,forbidden,(Oron-Ibibio)
bohobok,gather,(Oron-Ibibio)
idibohoki,together,(Oron-Ibibio)
otu,group,(Oron-Ibibio)
idibahaidong,grouping,(Oron-Ibibio)
mbono,meeting,(Oron-Ibibio)
kabana,concerning,(Oron-Ibibio)
idibuk owi kadai,gossip,(Oron-Ibibio)
siak eyin keyin,mentioning,(Oron-Ibibio)
siak eyin,mentions,(Oron-Ibibio)
idiyakino,refer,(Oron-Ibibio)
enoka onunbi,referring,(Oron-Ibibio)
tei,seat,(Oron-Ibibio)
ulahaufok,site,(Oron-Ibibio)
beiwo,state,(Oron-Ibibio)
mbiuto,station,(Oron-Ibibio)
ikpehe,point,(Oron-Ibibio)
omoyi,would have,(Oron-Ibibio)
okeme iyi,could have,(Oron-Ibibio)
onyi,have,(Oron-Ibibio)
akamana,birthed,(Oron-Ibibio)
nonu,there,(Oron-Ibibio)
ekene,done,(Oron-Ibibio)
momu,here,(Oron-Ibibio)
anakosu,enough,(Oron-Ibibio)
ekeboro,they did respond,(Oron-Ibibio)
ekene,they did,(Oron-Ibibio)
eboro,they reply,(Oron-Ibibio)
eboro,they respond,(Oron-Ibibio)
iboro,response,(Oron-Ibibio)
iboro,reply,(Oron-Ibibio)
iboro,answer,(Oron-Ibibio)
owieni ekewed,he wrote,(Oron-Ibibio)
ewa ekewed,she wrote,(Oron-Ibibio)
emu ekewed,they wrote,(Oron-Ibibio)
sosonu,like that,(Oron-Ibibio)
emu,they,(Oron-Ibibio)
uwak imawed nwed,writers,(Oron-Ibibio)
ewednwed,writer,(Oron-Ibibio)
wed,write,(Oron-Ibibio)
nwid,book,(Oron-Ibibio)
ikiwid,I write,(Oron-Ibibio)
nkuwid,I wrote,(Oron-Ibibio)
kid,see,(Oron-Ibibio)
kanyise,watch,(Oron-Ibibio)
se,see,(Oron-Ibibio)
dikid,come see,(Oron-Ibibio)
sese,look at,(Oron-Ibibio)
wukonyise,look,(Oron-Ibibio)
nkid,I see,(Oron-Ibibio)
nse,I look,(Oron-Ibibio)
owieni se,he looks,(Oron-Ibibio)
ewa se,she looks,(Oron-Ibibio)
emu ese,they look,(Oron-Ibibio)
no nsihi ntense,testify,(Oron-Ibibio)
nsihi ntense,testimony,(Oron-Ibibio)
nonu,then,(Oron-Ibibio)
imankpo omu enefee oni,condiments,(Oron-Ibibio)
ifu,lazy,(Oron-Ibibio)
uwut,slothful,(Oron-Ibibio)
oking idilie nkpo,not eating,(Oron-Ibibio)
isong,land,(Oron-Ibibio)
isong,ground,(Oron-Ibibio)
mmong,water,(Oron-Ibibio)
udim,stream,(Oron-Ibibio)
edim,rain,(Oron-Ibibio)
akpa,river,(Oron-Ibibio)
awana,wide,(Oron-Ibibio)
okpono akpa,large river,(Oron-Ibibio)
inyang,ocean,(Oron-Ibibio)
akpainyang,sea,(Oron-Ibibio)
oyobio,storm,(Oron-Ibibio)
ofim,wind,(Oron-Ibibio)
kodi edim,raining,(Oron-Ibibio)
mmong utehe,spring,(Oron-Ibibio)
eni ekeo,not smaller than,(Oron-Ibibio)
oni eke,not smaller,(Oron-Ibibio)
ikip osi,kernel,(Oron-Ibibio)
nkpasip,seed,(Oron-Ibibio)
suki ebako,none,(Oron-Ibibio)
idomo,tempting,(Oron-Ibibio)
domo,tempt,(Oron-Ibibio)
idinenduononse,examining,(Oron-Ibibio)
udomo,examination,(Oron-Ibibio)
ididomo,test,(Oron-Ibibio)
ki,one,(Oron-Ibibio)
kotu,among,(Oron-Ibibio)
kuntak,because,(Oron-Ibibio)
ntak,cause,(Oron-Ibibio)
ntakonu,reason,(Oron-Ibibio)
nkpo udomo nkpo omu eneketu,ruler,(Oron-Ibibio)
osiku,come from,(Oron-Ibibio)
osi owo makpoho si owo,emanate,(Oron-Ibibio)
ma bak,will be,(Oron-Ibibio)
nwongo mabak,shall be,(Oron-Ibibio)
onun ini,subsequent,(Oron-Ibibio)
okor ukwak,protector,(Oron-Ibibio)
ukpeme,guide,(Oron-Ibibio)
teme,direct,(Oron-Ibibio)
kpan,protect,(Oron-Ibibio)
uko,bush,(Oron-Ibibio)
owi,people,(Oron-Ibibio)
ekeku,called,(Oron-Ibibio)
iku,call,(Oron-Ibibio)
okpono,big,(Oron-Ibibio)
ikpono ewi,elders,(Oron-Ibibio)
oniong,wisdom,(Oron-Ibibio)
ndemana mfufak,knowledge,(Oron-Ibibio)
idifak nkpo,understanding,(Oron-Ibibio)
nlibi nlibi,private,(Oron-Ibibio)
idilibi,hide,(Oron-Ibibio)
monun,therefore,(Oron-Ibibio)
efu fafap eka,you all go,(Oron-Ibibio)
ka,go,(Oron-Ibibio)
tohoyi ne,deligently,(Oron-Ibibio)
tambono,arrange,(Oron-Ibibio)
neyei,set,(Oron-Ibibio)
onyi mfufak,learned,(Oron-Ibibio)
afak,know,(Oron-Ibibio)
osi,from,(Oron-Ibibio)
emu,them,(Oron-Ibibio)
ukem,same,(Oron-Ibibio)
ukemukem,exact,(Oron-Ibibio)
ukeme,ability,(Oron-Ibibio)
okowo odila,came out to stand,(Oron-Ibibio)
owo ala,appeared,(Oron-Ibibio)
lala,stand,(Oron-Ibibio)
oki,barren,(Oron-Ibibio)
oyo,child,(Oron-Ibibio)
onoku ekid,when seen,(Oron-Ibibio)
onoku ekid,if seen,(Oron-Ibibio)
domoukeme,endeavour,(Oron-Ibibio)
yak mi,let me,(Oron-Ibibio)
yak mi,do,(Oron-Ibibio)
yak ine,let do,(Oron-Ibibio)
ndok,parable,(Oron-Ibibio)
ekene,did,(Oron-Ibibio)
emu ekekei,they having heard,(Oron-Ibibio)
emu,they,(Oron-Ibibio)
keme ekei,having heard,(Oron-Ibibio)
ekekei,did heard,(Oron-Ibibio)
ifak,understand,(Oron-Ibibio)
nsi,what,(Oron-Ibibio)
okodoho,said,(Oron-Ibibio)
suhu,talk,(Oron-Ibibio)
ekene,done,(Oron-Ibibio)
emu ekeka,they went,(Oron-Ibibio)
emu ekelaha,they left,(Oron-Ibibio)
laka,leave,(Oron-Ibibio)
sanaisan,walking,(Oron-Ibibio)
kanyi sanaisan,keep walking,(Oron-Ibibio)
kanyi ka,keep going,(Oron-Ibibio)
sana,walk,(Oron-Ibibio)
wo,out,(Oron-Ibibio)
ami mo nlaha,I am leaving,(Oron-Ibibio)
owi,people,(Oron-Ibibio)
ka onyionyi,forward,(Oron-Ibibio)
onyionyi,front,(Oron-Ibibio)
ekekid,they saw,(Oron-Ibibio)
okoboho,took,(Oron-Ibibio)
boho,take,(Oron-Ibibio)
elilenkpo,ripe,(Oron-Ibibio)
arara,red,(Oron-Ibibio)
awawa,green,(Oron-Ibibio)
mfan,leaf,(Oron-Ibibio)
awak,much,(Oron-Ibibio)
sudihi,how,(Oron-Ibibio)
okotere,it stopped,(Oron-Ibibio)
tere,stop,(Oron-Ibibio)
nkpoutei,seat,(Oron-Ibibio)
konun,where,(Oron-Ibibio)
konun kowienien akabak,where he was,(Oron-Ibibio)
konun kewanu akabak,where she was,(Oron-Ibibio)
sindi nsana nsim mbi ukuunwed,How do I get to library?,(Oron-Ibibio)
onun mbi okpene ididon mkim nwed uto,Where is the nearest post office?,(Oron-Ibibio)
okeme iditememi okpono mbi ulie uwem,Can you tell me the way to the Big Hotel?,(Oron-Ibibio)
nnennen okpodihi London onomu,Are we on the right road for London?,(Oron-Ibibio)
okeme idiwomi kuwed idono omu,"Can you Show me on the map, please?",(Oron-Ibibio)
ami nluoho mbi nde mfak,I’m looking for this address.,(Oron-Ibibio)
sundi nedihi nkid,How do I find…?,(Oron-Ibibio)
"mbok kuyieokit o, sundi nsanadi nka","Excuse me, How can I go to …?",(Oron-Ibibio)
ofu abak okpene momu,Are you from around here?,(Oron-Ibibio)
k onun,Where is …?,(Oron-Ibibio)
"fen laha nomi, sundi nedihi nsim non","Pardon me, I’m lost, how do I get to …?",(Oron-Ibibio)
okeme iteme mi,Could you direct me to …?,(Oron-Ibibio)
nkeme idi bene uwam nsifi,May I ask for some help? I need to get to …?,(Oron-Ibibio)
onyon odihi,Is it far?,(Oron-Ibibio)
,"Excuse me, could you tell me how to get to the bus station?",(Oron-Ibibio)
ana okpene,It’s on the corner,(Oron-Ibibio)
kanenen,Go straight ahead,(Oron-Ibibio)
kiana,Cross…,(Oron-Ibibio)
sanaka onyionyi,Go along…,(Oron-Ibibio)
yod ufihi,Turn left,(Oron-Ibibio)
yod ulo,Turn right,(Oron-Ibibio)
onuketai atai block,It’s in the middle of the block,(Oron-Ibibio)
mafei okponoufok urue kufiki,You will pass a süpermarket on your left,(Oron-Ibibio)
sana kokpodihi,Take this road,(Oron-Ibibio)
yod ulo kufei okpodihi,Turn right at the crossroads,(Oron-Ibibio)
onuku fiki,It’s on your left,(Oron-Ibibio)
onuku ulo,It’s on your right,(Oron-Ibibio)
onunkposu udomo ikie tono mom,It’s about 100 meters from here,(Oron-Ibibio)
sanakakpa okpodihi kufiki,Take the first road on the right,(Oron-Ibibio)
sanakoyoko okpodihi kufiki,Take the second road on the left,(Oron-Ibibio)
ilemi onyime onu okid omi eyime o,"My body says yes, but my heart say no.",(Oron-Ibibio)
onyime nkposuki o,Maybe another time.,(Oron-Ibibio)
"enyin iniokid keno, onu","We appreciate the offer, but …",(Oron-Ibibio)
"eneke onluk oyokoyoko, onu bid","I’m not really into it, but thanks for asking!",(Oron-Ibibio)
nkponu edine ufo inomi o,That’s not going to work for me.,(Oron-Ibibio)
uyom ma mbere andi mbako o,"Sounds fun, but I’m not available.",(Oron-Ibibio)
"nku nluoho, onu onkodo","I want to, but I’m unable to.",(Oron-Ibibio)
enu edehe mfufak eno mi o,It is not a good idea for me.,(Oron-Ibibio)
ofu onomi uniokid ku uewm,You bring joy to my life.,(Oron-Ibibio)
me idi ibak nkpenefi,I love being around you.,(Oron-Ibibio)
ami mefi,I’m infatuated with you.,(Oron-Ibibio)
ofu akiana okikere omi,You crossed my mind.,(Oron-Ibibio)
ndara fi,I appreciate you.,(Oron-Ibibio)
oniokid numankid fi o,I feel sad without you.,(Oron-Ibibio)
ofu onomi udong,You inspire me.,(Oron-Ibibio)
ofu onu imantak oku ndu ndu,You are my reason for living.,(Oron-Ibibio)
ofu oyoho okikere mi,You occupy my thoughts.,(Oron-Ibibio)
imefu efei mi,I miss your laugh.,(Oron-Ibibio)
nkpono fi,I adore you.,(Oron-Ibibio)
ofu onu efid efid nkpo onomi,You’re everything to me.,(Oron-Ibibio)
ofu onu unwana uwem omi,You’re the light of my life.,(Oron-Ibibio)
nluho idibak kofid esi uwem mafu,I want a lifetime with you.,(Oron-Ibibio)
kuwo nkpo,For instance,(Oron-Ibibio)
ndedian,Additionally,(Oron-Ibibio)
ukemukem onu,Likewise,(Oron-Ibibio)
seyak eyei,Note well,(Oron-Ibibio)
suwo nkpo,As an example being…,(Oron-Ibibio)
akpanakpan,In particular,(Oron-Ibibio)
yak idoho,Let’s say…,(Oron-Ibibio)
omu odono,This includes,(Oron-Ibibio)
suhu ekid,As seen in…,(Oron-Ibibio)
uwonkpoki,One example is…,(Oron-Ibibio)
sosu,Such as,(Oron-Ibibio)
idididian,In addition to,(Oron-Ibibio)
kodi idine no awana,By way of illustration,(Oron-Ibibio)
ukemukem sonu,In a similar case,(Oron-Ibibio)
akpanakpan,Especially,(Oron-Ibibio)
onoku ofu ose,If you look at…,(Oron-Ibibio)
uwonkpo odoho,Examples include…,(Oron-Ibibio)
oyemu ekeme idikid,This can be seen when,(Oron-Ibibio)
uwonkpo,As an example,(Oron-Ibibio)
akpanakpan,Particularly,(Oron-Ibibio)
sosu,Like,(Oron-Ibibio)
ofo idikid fi,Good to see you,(Oron-Ibibio)
eko mberesi,Good evening,(Oron-Ibibio)
alaha,Good morning,(Oron-Ibibio)
nko o,Hello,(Oron-Ibibio)
eko,Hey,(Oron-Ibibio)
salafi dihi mfin,How are you feeling today?,(Oron-Ibibio)
ima nkpo saladihi,How are things?,(Oron-Ibibio)
nsi sofu oluho idine,What have you been up to?,(Oron-Ibibio)
sese sadiahata ebei duk,Look what the cat dragged in!,(Oron-Ibibio)
ofo idikid fi,It is nice to meet you,(Oron-Ibibio)
nsi otibe,What’s going on?,(Oron-Ibibio)
eko ekpei esi,Good afternoon.,(Oron-Ibibio)
saladihi mafu,How have you been?,(Oron-Ibibio)
sonudihi,What’s up?,(Oron-Ibibio)
eko,Greeting,(Oron-Ibibio)
sana ofo,Stay safe,(Oron-Ibibio)
asanadi,Welcome,(Oron-Ibibio)
mane okpo,You’ll do great.,(Oron-Ibibio)
to emu wu,Knock them dead!,(Oron-Ibibio)
odinu okpono nkpo omu akpawile,You are going to be amazing!,(Oron-Ibibio)
nwaranwara isan abasi,Godspeed,(Oron-Ibibio)
nkere yak nkpo ofo onofi,Wishing you all the best!,(Oron-Ibibio)
nkerefi nfiso,I wish you luck!,(Oron-Ibibio)
ofon ono fi,Best wishes.,(Oron-Ibibio)
nim kukpo ma bono eyei,I hope things will turn out fine..,(Oron-Ibibio)
fid emu luoko,Blow them away!,(Oron-Ibibio)
mane okpo,You’ll do great!,(Oron-Ibibio)
ofon ono fi,Wishing you lots of luck!,(Oron-Ibibio)
jid uyo unun ubok fei,Fingers crossed!,(Oron-Ibibio)
ekefufi enomu,You were made for this!,(Oron-Ibibio)
nim kukpo mafokem,I hope things will work out all right.,(Oron-Ibibio)
yak uko abak mafu,May the force be with you.,(Oron-Ibibio)
nkpono fi,I respect you.,(Oron-Ibibio)
ofonu ntak omu ami ndu ndu,You are my reason for living.,(Oron-Ibibio)
ofu onu nkpo uto,You are precious.,(Oron-Ibibio)
ofu enemi nsu,You complete me.,(Oron-Ibibio)
ofu onu owi imami,You’re the love of my life.,(Oron-Ibibio)
okeme iditere idikere ibanafii,I can’t stop thinking about you.,(Oron-Ibibio)
okid omi atak kofu,I lost my heart on you.,(Oron-Ibibio)
ofu onomi udon,You inspire me.,(Oron-Ibibio)
nkpono fi,I worship you.,(Oron-Ibibio)
ofu onu fafap nkpo onomi,You are my everything.,(Oron-Ibibio)
nluhofi,I need you.,(Oron-Ibibio)
nkukid nle mbana okoesiene fiem,I dreamt about you last night.,(Oron-Ibibio)
ofu onomi uniokid kuse afanikon,You bring happiness to rainly days.,(Oron-Ibibio)
ofu omu ntak omu mbakundu,You are the reason I’m alive.,(Oron-Ibibio)
ofu onu owi omume,You are my dear.,(Oron-Ibibio)
niokid mbana fi,I’m affectionate for you.,(Oron-Ibibio)
ofu kunkid,You’re all I see.,(Oron-Ibibio)
ami nluho fi,I want you.,(Oron-Ibibio)
ofu enemi nsu,You complete me.,(Oron-Ibibio)
eko yakala,Bye now,(Oron-Ibibio)
kadi,Bye-bye,(Oron-Ibibio)
ne sun sun,Take it easy,(Oron-Ibibio)
ami nwo nla,I’m off,(Oron-Ibibio)
okio,Good night,(Oron-Ibibio)
man suhu nofi ntiti ini,Talk to you later,(Oron-Ibibio)
tue mi,Keep in touch,(Oron-Ibibio)
ofo idikid fi,Lovely to meet you,(Oron-Ibibio)
emem,Peace!,(Oron-Ibibio)
man muo fi ntiti ini,Catch you later,(Oron-Ibibio)
yi edeke keti ki,Have a good one,(Oron-Ibibio)
nentei nkid fi,Be seeing you!,(Oron-Ibibio)
keyin,Namely,(Oron-Ibibio)
idine iwo no awana kuwo nkpo,To illustrate,(Oron-Ibibio)
desu uwo nkpo,For instance,(Oron-Ibibio)
ndendian,Additionally,(Oron-Ibibio)
alasu,like,(Oron-Ibibio)
uwonkpo ki,One example is…,(Oron-Ibibio)
sosu,Such as,(Oron-Ibibio)
akpanakpan,Especially,(Oron-Ibibio)
ukemson,Also,(Oron-Ibibio)
kodihi uwo nkpo no aeana,By way of illustration,(Oron-Ibibio)
ukemson,Likewise,(Oron-Ibibio)
desuuwo nkposu,As an example being…,(Oron-Ibibio)
sonyi akpanakpan,In particular,(Oron-Ibibio)
yak ndoho,Let’s say…,(Oron-Ibibio)
sehekid,As seen in…,(Oron-Ibibio)
omonu uwo nkpo,This is illustrated…,(Oron-Ibibio)
imamu odoho,Thse include…,(Oron-Ibibio)
eke,Mother,(Oron-Ibibio)
eti,Father,(Oron-Ibibio)
eti ma eke,Parents,(Oron-Ibibio)
nwa,Wife,(Oron-Ibibio)
ebi,Husband,(Oron-Ibibio)
oyowieni,Son,(Oron-Ibibio)
oyoewa,Daughter,(Oron-Ibibio)
eyontihitek,Children,(Oron-Ibibio)
oyoekeowieni,Brother,(Oron-Ibibio)
oyoekeewa,Sister,(Oron-Ibibio)
oyooyoeke,Cousins,(Oron-Ibibio)
oyoeti,Relatives,(Oron-Ibibio)
ekeeke,Grandmother,(Oron-Ibibio)
etieti,Grandfather,(Oron-Ibibio)
oyooyo owieni,Grandson,(Oron-Ibibio)
oyooyo ewa,Granddaughter,(Oron-Ibibio)
oyo oyoyo,Grandchildren,(Oron-Ibibio)
ebi ma nwa,Spouse,(Oron-Ibibio)
ulawa ekenwa,Sister-in-law,(Oron-Ibibio)
okpekenwa,Brother-in-law,(Oron-Ibibio)
etinwa,Father-in-law,(Oron-Ibibio)
ekenwa,Mother-in-law,(Oron-Ibibio)
eti enyin koyon,Our Father in heaven,(Oron-Ibibio)
ukpono onyi enyin ofu,hallowed be your name,(Oron-Ibibio)
yak ubon ofu odi,your kingdom come,(Oron-Ibibio)
yak uduak ofu osu,your will be done,(Oron-Ibibio)
kison ma konyon,on earth as in heaven,(Oron-Ibibio)
no enyin mfin nkilie omosu ma enyin,Give us today our daily bread,(Oron-Ibibio)
laha no enyin kunlulei omu ine,Forgive us our sins,(Oron-Ibibio)
yak ilaha ino ima omu elei,as we forgive those who sin against us,(Oron-Ibibio)
kuyak enyin ilukidomo sihi enyin kuvioknkpo,Lead us not into temptation but deliver us from evil,(Oron-Ibibio)
kubon ma ulu ma itoro onyi fi,"For the kingdom, the power, and the glory are yours now and forever",(Oron-Ibibio)
ebekpo,kingdom,(Oron-Ibibio)
ulu,power,(Oron-Ibibio)
ubon,glory,(Oron-Ibibio)
nsinsi,forever,(Oron-Ibibio)
monesi,tears,(Oron-Ibibio)
esi,cry,(Oron-Ibibio)
nle,dream,(Oron-Ibibio)
kuka adai,do not go back,(Oron-Ibibio)
idikid,to see,(Oron-Ibibio)
so adai,go back,(Oron-Ibibio)
kune,do not,(Oron-Ibibio)
enu sono,not so,(Oron-Ibibio)
kid,see,(Oron-Ibibio)
sotonontak,again,(Oron-Ibibio)
tere,stop,(Oron-Ibibio)
akpan,stall,(Oron-Ibibio)
emu ekesana onun okpodihi,they took another route,(Oron-Ibibio)
emu ekesana,they walked,(Oron-Ibibio)
okpodihi,road,(Oron-Ibibio)
okpousung,road,(generic Ibibio)
okpodihi,route,(Oron-Ibibio)
efak,street,(Oron-Ibibio)
onun,another,(Oron-Ibibio)
dian,add,(Oron-Ibibio)
ekeso enyon udun emu,returned to their country,(Oron-Ibibio)
ekekpon,left,(Oron-Ibibio)
ekedi,came,(Oron-Ibibio)
udun,country,(Oron-Ibibio)
ison,land,(Oron-Ibibio)
amesiere,good morning,(generic Ibibio)
emesiere,good morning,(generic Ibibio)
mmekom o,i'm hailing,(generic Ibibio)
