,dialect,translation,(language/dialect)
0,nta akara,i am eating akara ,(generic Ibibio)
1,ikpong,cocoyam ,(generic Ibibio)
2,ye,and ,(generic Ibibio)
3,ye,with ,(generic Ibibio)
4,mme,and ,(generic Ibibio)
5,mme,with ,(generic Ibibio)
6,ekese,several ,(Efik-Ibibio)
7,ekese,others ,(Efik-Ibibio)
8,ufafran,fried ,(generic Ibibio)
9,mkpo,thing ,(generic Ibibio)
10,mkpo,noise ,(generic Ibibio)
11,nkpo,thing ,(generic Ibibio)
12,imino abasi ekom ke usen mfin,we thank god for today ,(generic Ibibio)
13,imi,we ,(generic Ibibio)
14,imino,we give ,(generic Ibibio)
15,abasi,god ,(generic Ibibio)
16,ekom,thanks ,(generic Ibibio)
17,ekom,greetings ,(generic Ibibio)
18,ekom,courtesy ,(generic Ibibio)
19,ke,for ,(generic Ibibio)
20,ke,at ,(generic Ibibio)
21,usen,day ,(generic Ibibio)
22,mfin,today ,(generic Ibibio)
23,adika uke utom amasuana,where will you go after work ,(generic Ibibio)
24,adika,are you leaving ,(generic Ibibio)
25,adika,are you going ,(generic Ibibio)
26,dika,be leaving ,(generic Ibibio)
27,dika,be going ,(generic Ibibio)
28,ka,go ,(generic Ibibio)
29,uke,where ,(generic Ibibio)
30,utom,work ,(generic Ibibio)
31,utom,job ,(generic Ibibio)
32,utom,service ,(generic Ibibio)
33,amasuana,when you dismiss ,(generic Ibibio)
34,amasuana,when you disperse ,(generic Ibibio)
35,ama,loved one ,(generic Ibibio)
36,ama,do you ,(generic Ibibio)
37,ama,you did ,(generic Ibibio)
38,oyom nnam nso nno fi,what should i do for you ,(Efik-Ibibio)
39,oyom nam so no fi,what should i do for you ,(Efik-Ibibio)
40,oyom,you wish ,(Efik-Ibibio)
41,nam,do ,(generic Ibibio)
42,nam,act ,(generic Ibibio)
43,nnam,do i ,(generic Ibibio)
44,nnam,plague ,(generic Ibibio)
45,di bo unen dep ke nam happy hour ye owo mfo,come buy chicken for happy hour with your mate ,(generic Ibibio)
46,di,come ,(generic Ibibio)
47,bo,take ,(generic Ibibio)
48,unen,fowl ,(generic Ibibio)
49,unen,chicken ,(generic Ibibio)
50,dep,buy ,(generic Ibibio)
51,dep,purchase ,(generic Ibibio)
52,owo,human ,(generic Ibibio)
53,owo,person ,(generic Ibibio)
54,mfo,yours ,(generic Ibibio)
55,amekeme ikpe okuk etem peppersoup uno utuondo,you can hire a peppersoup vendor rather ,(generic Ibibio)
56,amekeme,you can ,(generic Ibibio)
57,amekeme,you are able ,(generic Ibibio)
58,ikpe,litigate ,(generic Ibibio)
59,kpe,pay ,(generic Ibibio)
60,okuk,money ,(generic Ibibio)
61,etem,condiment ,(generic Ibibio)
62,uno,for you ,(generic Ibibio)
63,utuondo,rather ,(generic Ibibio)
64,utuondo,alternatively ,(generic Ibibio)
65,utuondo,otherwise ,(generic Ibibio)
66,ke mia udobot ufia,go slap a policeman ,(generic Ibibio)
67,mbom atata mbom,woeful real woeful ,(generic Ibibio)
68,mbom,mercy ,(generic Ibibio)
69,mbom,pity ,(generic Ibibio)
70,uduk,pity ,(generic Ibibio)
71,uduk,sympathy ,(generic Ibibio)
72,atata,real deep ,(generic Ibibio)
73,ata,real ,(generic Ibibio)
74,mia,beat ,(generic Ibibio)
75,udobot,police ,(generic Ibibio)
76,ufia,slap ,(generic Ibibio)
77,ufia,fourth or fifth son ,(generic Ibibio)
78,nyom ono mien okuk,i wish you give me money ,(generic Ibibio)
79,nyom,i want ,(generic Ibibio)
80,usung,door,(generic Ibibio)
81,usung,road,(generic Ibibio)
82,usung,way,(generic Ibibio)
83,usung,fufu,(generic Ibibio)
84,usung,thick,(generic Ibibio)
85,obong,lord,(generic Ibibio)
86,obong,ruler,(generic Ibibio)
87,obong,king,(generic Ibibio)
88,obong,chief,(generic Ibibio)
89,obong,shout,(generic Ibibio)
90,obong,mosquito,(generic Ibibio)
91,obong,cane,(generic Ibibio)
92,mme,or,(generic Ibibio)
93,ekong,war,(generic Ibibio)
94,ekong,hangers on,(generic Ibibio)
95,ekong,knockers,(generic Ibibio)
96,ekong,knackers,(generic Ibibio)
97,tim,beat ,(generic Ibibio)
98,tim,pound,(generic Ibibio)
99,tim,keep well,(generic Ibibio)
100,kang,deny,(generic Ibibio)
101,kang,dry-heating,(generic Ibibio)
102,ukot,in-law,(generic Ibibio)
103,ukot,leg,(generic Ibibio)
104,demme,wake,(generic Ibibio)
105,deme,share,(generic Ibibio)
106,deme,ignore,(generic Ibibio)
107,deme,overlook,(generic Ibibio)
108,akpan,first son,(generic Ibibio)
109,akpan,loaded basket,(generic Ibibio)
110,ekpat,bag,(generic Ibibio)
111,ekpat,log,(generic Ibibio)
112,iyire,net,(generic Ibibio)
113,ukem,same,(generic Ibibio)
114,ukem,you are contented,(generic Ibibio)
115,okwok,bee,(generic Ibibio)
116,okwok,grater,(generic Ibibio)
117,okwok,sweeper,(generic Ibibio)
118,okok,chewing stick,(generic Ibibio)
119,okok,toothpick,(generic Ibibio)
120,okok,grinding,(generic Ibibio)
121,okok,vomiting,(generic Ibibio)
122,ofiong,moon,(generic Ibibio)
123,ofiong,month,(generic Ibibio)
124,ado,is,(generic Ibibio)
125,okpo,bone,(generic Ibibio)
126,okpo,rubber,(generic Ibibio)
127,okpo,plastic,(generic Ibibio)
128,abang,pot,(generic Ibibio)
129,abat,it is dirty,(generic Ibibio)
130,abat,counter,(generic Ibibio)
131,abat,thickened,(generic Ibibio)
132,ata,chew,(generic Ibibio)
133,ata,bet,(generic Ibibio)
134,ata,burn,(generic Ibibio)
135,ata,pro,(generic Ibibio)
136,ekpeme,guard,(generic Ibibio)
137,ekpeme,bottle,(generic Ibibio)
138,ekpe,lion,(generic Ibibio)
139,ekpe,they pay,(generic Ibibio)
140,ekwak,they clap,(generic Ibibio)
141,isin,waist,(generic Ibibio)
142,isin,we reject,(generic Ibibio)
143,isin,we put,(generic Ibibio)
144,ikwo,song,(generic Ibibio)
145,ikwo ikwo,let us sing,(generic Ibibio)
146,ikwo,songs,(generic Ibibio)
147,iwa,cassava,(generic Ibibio)
148,iwa,we sacrifice,(generic Ibibio)
149,obu,dust,(generic Ibibio)
150,obu,crayfish,(generic Ibibio)
151,obu,decay,(generic Ibibio)
152,udok,hoe,(generic Ibibio)
153,udok,door,(generic Ibibio)
154,ubom,canoe,(generic Ibibio)
155,ubom,fat,(generic Ibibio)
156,ubom,breadth,(generic Ibibio)
157,unen,fowl ,(generic Ibibio)
158,unen,right,(generic Ibibio)
159,bak,split,(generic Ibibio)
160,bak,slice,(generic Ibibio)
161,bak,beware,(generic Ibibio)
162,bak,be early,(generic Ibibio)
163,obot,creator,(generic Ibibio)
164,obot,hill,(generic Ibibio)
165,obot,mountain,(generic Ibibio)
166,obot,nature,(generic Ibibio)
167,fuud,blow,(generic Ibibio)
168,fuud,clear,(generic Ibibio)
169,fuud,fold,(generic Ibibio)
170,bop,build,(generic Ibibio)
171,bop ,tie,(generic Ibibio)
172,bop,tight,(generic Ibibio)
173,kok,grind,(generic Ibibio)
174,kok,vomit,(generic Ibibio)
175,sin,put,(generic Ibibio)
176,sin,reject,(generic Ibibio)
177,yed,wash,(generic Ibibio)
178,yed,dissolve,(generic Ibibio)
179,tem,boil,(generic Ibibio)
180,tem,clear,(generic Ibibio)
181,tem,sit,(generic Ibibio)
182,edong,knee,(generic Ibibio)
183,edong,sheep,(generic Ibibio)
184,edong,put in,(generic Ibibio)
185,duok,pour,(generic Ibibio)
186,duok,lose,(generic Ibibio)
187,duok,throwaway,(generic Ibibio)
188,nsungikang,smoke,(generic Ibibio)
189,nsungikang,ship,(generic Ibibio)
190,mbiet,grass,(generic Ibibio)
191,mbiet,semblance,(generic Ibibio)
192,anye ami ado ntá»á»ngá» ubon ,this is the genealogya of ,(generic Ibibio)
193,anye ami,this is,(generic Ibibio)
194,anye,that,(generic Ibibio)
195,anye,he,(generic Ibibio)
196,anye,her,(generic Ibibio)
197,anye,it,(generic Ibibio)
198,anye,this,(generic Ibibio)
199,anye ado,that is,(generic Ibibio)
200,ami,this,(generic Ibibio)
201,ando,that,(generic Ibibio)
202,adado,that is,(generic Ibibio)
203,ntongo,begining,(generic Ibibio)
204,ubon,genealogy,(generic Ibibio)
205,ubon,tribe,(generic Ibibio)
206,ubon,kindred,(generic Ibibio)
207,oruk,kindred,(Efik-Ibibio)
208,iman,kin,(generic Ibibio)
209,ayin,child,(generic Ibibio)
210,ke ini,when,(generic Ibibio)
211,ke ini,in time,(generic Ibibio)
212,kini,when,(Efik-Ibibio)
213,kini,in time,(Efik-Ibibio)
214,amaakemana ke,was birthed at,(generic Ibibio)
215,amaakemana ke,was birthed in,(generic Ibibio)
216,amaakemana,was birthed,(generic Ibibio)
217,ke,at ,(generic Ibibio)
218,ke,in,(generic Ibibio)
219,ama,was,(generic Ibibio)
220,akemana,birthed,(generic Ibibio)
221,asiere,goodnight,(generic Ibibio)
222,esiere,goodnight,(Efik-Ibibio)
223,achiere,goodnight,(Annang-Ibibio)
224,inikied,once,(generic Ibibio)
225,do,there,(generic Ibibio)
226,kuwem,live,(generic Ibibio)
227,aduwem,alive,(generic Ibibio)
228,uyen,young,(generic Ibibio)
229,anying,name,(generic Ibibio)
230,akere,named,(generic Ibibio)
231,amo,his,(generic Ibibio)
232,amo,her,(generic Ibibio)
233,mmo,they,(generic Ibibio)
234,mmo,theirs,(generic Ibibio)
235,amo,she,(generic Ibibio)
236,amo,his,(generic Ibibio)
237,asongo,older,(generic Ibibio)
238,usong,old,(generic Ibibio)
239,ayineka awonwan,sister,(generic Ibibio)
240,ayineka awoden,brother,(generic Ibibio)
241,ette,father,(generic Ibibio)
242,ette,dad,(generic Ibibio)
243,eka,mother,(generic Ibibio)
244,eka,mom,(generic Ibibio)
245,ayineka eka awonwan,aunt,(generic Ibibio)
246,ayineka ette awonwan,aunt,(generic Ibibio)
247,ayineka eka awoden,uncle,(generic Ibibio)
248,ayineka ette awoden,uncle,(generic Ibibio)
249,ayinette ekammi awonwan,aunt,(generic Ibibio)
250,ayinette ettemmi awonwan,aunt,(generic Ibibio)
251,ayinette ekammi awoden,uncle,(generic Ibibio)
252,ayinette ettemmi awoden,uncle,(generic Ibibio)
253,adoko,told,(generic Ibibio)
254,andoko,told me,(generic Ibibio)
255,mbuk,story,(generic Ibibio)
256,mme mbuk,stories,(generic Ibibio)
257,abanga,about,(generic Ibibio)
258,ambanga,about me,(generic Ibibio)
259,ado,but,(generic Ibibio)
260,ado,it is,(generic Ibibio)
261,ado,its,(generic Ibibio)
262,mme,these,(generic Ibibio)
263,ado,are,(generic Ibibio)
264,mbuk,tale,(generic Ibibio)
265,mbukeset,history,(generic Ibibio)
266,eset,past,(generic Ibibio)
267,eset,history,(generic Ibibio)
268,akan,old,(generic Ibibio)
269,akani,old,(Efik-Ibibio)
270,nkan,olden,(generic Ibibio)
271,akan,victory,(generic Ibibio)
272,akan,victorious,(generic Ibibio)
273,akan,greater,(generic Ibibio)
274,ado,were,(generic Ibibio)
275,mme mbuk,tales,(generic Ibibio)
276,edongo,they are,(generic Ibibio)
277,akabado,actually,(generic Ibibio)
278,akabado,really,(generic Ibibio)
279,akpaniko,fact,(generic Ibibio)
280,akpaniko,truth,(generic Ibibio)
281,ata,real,(generic Ibibio)
282,ndion,so,(generic Ibibio)
283,ndien,so,(Efik-Ibibio)
284,edidem,king,(generic Ibibio)
285,idem,deity,(generic Ibibio)
286,ndem,deity,(generic Ibibio)
287,mmo,those,(generic Ibibio)
288,iba,two,(generic Ibibio)
289,iba,pants,(generic Ibibio)
290,afongukot,trousers,(generic Ibibio)
291,nduonduo,gown,(generic Ibibio)
292,mboho,set,(generic Ibibio)
293,mboho,gathering,(generic Ibibio)
294,mboho,congregation,(generic Ibibio)
295,owuo,out,(generic Ibibio)
296,awuo,walkout,(generic Ibibio)
297,awuo,walkaway,(generic Ibibio)
298,sanga,walk,(generic Ibibio)
299,isang,walk,(generic Ibibio)
300,isang,journey,(generic Ibibio)
301,isang,trip,(generic Ibibio)
302,awuo,left,(generic Ibibio)
303,nnasia,right,(generic Ibibio)
304,udom,right,(generic Ibibio)
305,ufien,left,(Efik-Ibibio)
306,ufion,left,(generic Ibibio)
307,ubok,hand,(generic Ibibio)
308,ukod,leg,(generic Ibibio)
309,ukot,leg,(Efik-Ibibio)
310,nnamisang,adventure,(generic Ibibio)
311,eka,they go,(generic Ibibio)
312,eka,they went,(generic Ibibio)
313,ebiat,destroy,(Efik-Ibibio)
314,ebiad,destroy,(generic Ibibio)
315,mbiara,spoilt,(generic Ibibio)
316,mbiara,destroyed,(generic Ibibio)
317,afid,every,(generic Ibibio)
318,ofri,every,(Efik-Ibibo)
319,afid,cutlass,(generic Ibibio)
320,afid,sword,(generic Ibibio)
321,ofuri,cutlass,(generic Ibibio)
322,ofuri,sword,(generic Ibibio)
323,okobo,machete,(generic Ibibio)
324,idiok,evil,(generic Ibibio)
325,aduwem mkpo,creature,(generic Ibibio)
326,esoboke,encounter,(generic Ibibio)
327,esobode,encounter,(Efik-Ibibio)
328,esoboke,meet,(generic Ibibio)
329,esobode,meet,(Efik-Ibibio)
330,esimeke,meet,(generic Ibibio)
331,sime,reach to,(generic Ibibio)
332,sim,reach,(generic Ibibio)
333,sim,arrive,(generic Ibibio)
334,asim,he reached,(generic Ibibio)
335,asim,she reached,(generic Ibibio)
336,esim,they reached,(generic Ibibio)
337,asim,it reached,(generic Ibibio)
338,ndion,eventually,(generic Ibibio)
339,ndien,eventually,(Efik-Ibibio)
340,kied,one,(generic Ibibio)
341,kiet,one,(Efik-Ibibio)
342,abo,got,(generic Ibibio)
343,abo,get,(generic Ibibio)
344,emum,caught,(generic Ibibio)
345,mum,catch,(generic Ibibio)
346,ta,chew,(generic Ibibio)
347,ta,eat,(generic Ibibio)
348,dia,eat,(generic Ibibio)
349,afidowo,everyone,(generic Ibibio)
350,etua,mourn,(generic Ibibio)
351,ntuanga,mourning,(generic Ibibio)
352,etuanga,they mourned,(generic Ibibio)
353,ado,that,(generic Ibibio)
354,death,mkpa,(generic Ibibio)
355,kpa,die,(generic Ibibio)
356,wod,kill,(generic Ibibio)
357,wot,kill,(Efik-Ibibio)
358,kaiso,continue,(generic Ibibio)
359,akaiso,he continued,(generic Ibibio)
360,akaiso,she continued,(generic Ibibio)
361,ekaiso,they continued,(generic Ibibio)
362,kpenge,slay,(generic Ibibio)
363,tutu,until,(generic Ibibio)
364,tutu,till,(generic Ibibio)
365,mkpong,tomorrow,(generic Ibibio)
366,mkpong,yesterday,(generic Ibibio)
367,ubak mkpong,next tomorrow,(generic Ibibio)
368,edem mkpong,day before yesterday,(generic Ibibio)
369,nko,too,(generic Ibibio)
370,akene,followed,(generic Ibibio)
371,kene,follow,(generic Ibibio)
372,adian,joined,(generic Ibibio)
373,dian,join,(generic Ibibio)
374,diana,join,(generic Ibibio)
375,diana,fellowship,(generic Ibibio)
376,diana,cooperate,(generic Ibibio)
377,mbiba,both,(generic Ibibio)
378,mmo mbiba,both are,(generic Ibibio)
379,tenge,rever,(generic Ibibio)
380,utenge,reverence,(generic Ibibio)
381,ndik,fear,(generic Ibibio)
382,ndik,awe,(generic Ibibio)
383,nte,as,(generic Ibibio)
384,nte,same,(generic Ibibio)
385,akwa,legend,(generic Ibibio)
386,akwakwa,legendary,(generic Ibibio)
387,mbonuko,heroes,(generic Ibibio)
388,owouko,heroe,(generic Ibibio)
389,afid,all,(generic Ibibio)
390,diongo,know,(generic Ibibio)
391,idiongo,sign,(generic Ibibio)
392,idiong,wizardry,(generic Ibibio)
393,diong,bless,(generic Ibibio)
394,edidiong,blessing,(generic Ibibio)
395,ediong,blessed,(generic Ibibio)
396,ifod,wizardry,(generic Ibibio)
397,ifod,witchcraftcy,(generic Ibibio)
398,uso,skill,(generic Ibibio)
399,mkpaidem,incredible,(generic Ibibio)
400,mkpaidem,marvel,(generic Ibibio)
401,nsioho,mockery,(generic Ibibio)
402,nyoh,mystery,(generic Ibibio)
403,utom,work,(generic Ibibio)
404,utom,act,(generic Ibibio)
405,utom,deeds,(generic Ibibio)
406,utom,job,(generic Ibibio)
407,sangasung,farewell,(generic Ibibio)
408,yaknka,goodbye,(generic Ibibio)
409,yakndi,see you later,(generic Ibibio)
410,mana,again,(generic Ibibio)
411,adidem,king,(generic Ibibio)
412,edibip,they asking,(generic Ibibio)
413,edibip,them asking,(generic Ibibio)
414,ndibip,me asking,(generic Ibibio)
415,adibip,him asking,(generic Ibibio)
416,adibip,she asking,(generic Ibibio)
417,bip,ask,(generic Ibibio)
418,mbime,question,(generic Ibibio)
419,ndubip,question,(generic Ibibio)
420,mbime,query,(generic Ibibio)
421,ndubip,query,(generic Ibibio)
422,ete,saying,(generic Ibibio)
423,ate,said,(generic Ibibio)
424,nte,i said,(generic Ibibio)
425,mbo,i am saying,(generic Ibibio)
426,mmo,where,(generic Ibibio)
427,anye,whom,(generic Ibibio)
428,amanake,birthed,(generic Ibibio)
429,aman,birth,(generic Ibibio)
430,nte,like,(generic Ibibio)
431,ate,like,(generic Ibibio)
432,nyin,we,(generic Ibibio)
433,imaikit,we saw,(generic Ibibio)
434,imikit,we see,(generic Ibibio)
435,imaikut,we saw,(Efik-Ibibio)
436,imikut,we see,(Efik-Ibibio)
437,kit,see,(generic Ibibio)
438,kut,see,(Efik-Ibibio)
439,ntantafiong,star,(generic Ibibio)
440,ntantafiong,twinkling star,(generic Ibibio)
441,ntanta,twinkling,(generic Ibibio)
442,afiong,moon,(generic Ibibio)
443,ntanta,star,(generic Ibibio)
444,ofiong,moon,(generic Ibibio)
445,usakkautin,east,(generic Ibibio)
446,usakkautin,sunrise,(generic Ibibio)
447,usakka,splitting,(generic Ibibio)
448,saka,splitted,(generic Ibibio)
449,sak,laugh,(generic Ibibio)
450,usakedet,milk teeth,(generic Ibibio)
451,siak,split,(generic Ibibio)
452,siak,split it,(generic Ibibio)
453,edet,tooth,(generic Ibibio)
454,edet,teeth,(generic Ibibio)
455,ndin,then,(generic Ibibio)
456,ndion,then,(generic Ibibio)
457,ndien,then,(Efik-Ibibio)
458,idi,we came,(generic Ibibio)
459,idi,we come,(generic Ibibio)
460,ndi,i come,(generic Ibibio)
461,ndi,i came,(generic Ibibio)
462,adikpono,to worship,(generic Ibibio)
463,ndikpono,to worship,(Efik-Ibibio)
464,kpono,worship,(generic Ibibio)
465,kpono,honour,(generic Ibibio)
466,kpono,respect,(generic Ibibio)
467,kpono,obeisance,(generic Ibibio)
468,ukpono,worship,(generic Ibibio)
469,ukpono,respect,(generic Ibibio)
470,ukpono,obeisance,(generic Ibibio)
471,afid,every,(generic Ibibio)
472,afid,all,(generic Ibibio)
473,ndin idi adikpono anye,and have come to worship him,(generic Ibibio)
474,ini,when,(generic Ibibio)
475,ini,time,(generic Ibibio)
476,amaafá»na anye,he was disturbed,(generic Ibibio)
477,amaafá»na anye,she was disturbed,(generic Ibibio)
478,amaafina,was disturbed,(generic Ibibio)
479,amaafina,was worried,(generic Ibibio)
480,amaafina,was bothered,(generic Ibibio)
481,amaafina,was troubled,(generic Ibibio)
482,afina,worrying,(generic Ibibio)
483,afina,troubling,(generic Ibibio)
484,afina,disturbing,(generic Ibibio)
485,fina,disturb,(generic Ibibio)
486,fina,bother,(generic Ibibio)
487,fina,worry,(generic Ibibio)
488,mfina,trouble,(generic Ibibio)
489,amaakekood,summoned all,(generic Ibibio)
490,amaakood,summoned,(generic Ibibio)
491,akood,called,(generic Ibibio)
492,kood,call,(generic Ibibio)
493,sin,put,(generic Ibibio)
494,uyo,voice,(generic Ibibio)
495,uyo,bush mango,(generic Ibibio)
496,uyo,pastery,(generic Ibibio)
497,uyo,bread,(generic Ibibio)
498,uyo,biscuit,(generic Ibibio)
499,aku,priest,(generic Ibibio)
500,oku,priest,(generic Ibibio)
501,efa,artist,(generic Ibibio)
502,efa,priest,(generic Ibibio)
503,mfa,artistry,(generic Ibibio)
504,ifa,priest,(generic Ibibio)
505,andikpeb,teacher,(generic Ibibio)
506,kpeb,teach,(generic Ibibio)
507,akpeb,student,(generic Ibibio)
508,akpeb,learner,(generic Ibibio)
509,akpebmkpo,tutor,(generic Ibibio)
510,akpeb,tutor,(generic Ibibio)
511,ibed,law,(generic Ibibio)
512,ibed,taboo,(generic Ibibio)
513,ibed,forbidden,(generic Ibibio)
514,ibon,gather,(generic Ibibio)
515,ibon,together,(generic Ibibio)
516,ibon,group,(generic Ibibio)
517,mbono,gathering,(generic Ibibio)
518,bono,grouping,(generic Ibibio)
519,mbono,meeting,(generic Ibibio)
520,abanga,concerning,(generic Ibibio)
521,ibanga,gossip,(generic Ibibio)
522,abanga,mentioning,(generic Ibibio)
523,ibanga,mentions,(generic Ibibio)
524,banga,mention,(generic Ibibio)
525,banga,refer,(generic Ibibio)
526,abanga,referring,(generic Ibibio)
527,itie,seat,(generic Ibibio)
528,itie,site,(generic Ibibio)
529,itie,state,(generic Ibibio)
530,itie,station,(generic Ibibio)
531,itie,point,(generic Ibibio)
532,akenaha,would have,(generic Ibibio)
533,akenaha,could have,(generic Ibibio)
534,naha,have,(generic Ibibio)
535,amana,birthed,(generic Ibibio)
536,do,there,(generic Ibibio)
537,do,done,(generic Ibibio)
538,mi,here,(generic Ibibio)
539,akem,enough,(generic Ibibio)
540,emaeboro,they did reply,(generic Ibibio)
541,emaeboro,they did respond,(generic Ibibio)
542,ema,they did,(generic Ibibio)
543,eboro,they reply,(generic Ibibio)
544,eboro,they respond,(generic Ibibio)
545,iboro,response,(generic Ibibio)
546,iboro,reply,(generic Ibibio)
547,iboro,answer,(generic Ibibio)
548,akewet,he wrote,(generic Ibibio)
549,akewet,she wrote,(generic Ibibio)
550,ekewet,they wrote,(generic Ibibio)
551,idoro,like that,(generic Ibibio)
552,idodo,like that,(generic Ibibio)
553,eke,they,(generic Ibibio)
554,ewet,writers,(generic Ibibio)
555,awet,writer,(generic Ibibio)
556,wet,write,(generic Ibibio)
557,nwed,book,(generic Ibibio)
558,nwet,i write,(generic Ibibio)
559,nwet,i wrote,(generic Ibibio)
560,se,see,(generic Ibibio)
561,se,watch,(generic Ibibio)
562,sese,see,(generic Ibibio)
563,kase,come see,(generic Ibibio)
564,kase,look at,(generic Ibibio)
565,se,look,(generic Ibibio)
566,sese,look,(generic Ibibio)
567,nse,i see,(generic Ibibio)
568,nse,i look,(generic Ibibio)
569,ase,he looks,(generic Ibibio)
570,ase ,she looks,(generic Ibibio)
571,ese,they look,(generic Ibibio)
572,ese,testify,(generic Ibibio)
573,ese,testimony,(generic Ibibio)
574,ndin,then,(generic Ibibio)
575,ndiin,condiments,(generic Ibibio)
576,ndion,condiments,(generic Ibibio)
577,ifu,lazy,(generic Ibibio)
578,ifu,slothful,(generic Ibibio)
579,idiaha,not eating,(generic Ibibio)
580,isong,land,(generic Ibibio)
581,isong,ground,(generic Ibibio)
582,obot,land,(generic Ibibio)
583,mmong,water,(generic Ibibio)
584,idim,stream,(generic Ibibio)
585,edim,rain,(generic Ibibio)
586,inyang,river,(generic Ibibio)
587,akpa,wide,(generic Ibibio)
588,akpammong,large river,(generic Ibibio)
589,akpainyang,ocean,(generic Ibibio)
590,akpa,ocean,(generic Ibibio)
591,akpa,sea,(generic Ibibio)
592,akpammong,sea,(generic Ibibio)
593,oyobio,storm,(generic Ibibio)
594,afim,wind,(generic Ibibio)
595,dep,raining,(generic Ibibio)
596,ibiok,fount,(generic Ibibio)
597,ibiok,spring,(generic Ibibio)
598,usippe ukan,not smaller than,(generic Ibibio)
599,usippe,not smaller,(generic Ibibio)
600,usipnkan,smaller,(generic Ibibio)
601,usip,small,(generic Ibibio)
602,sip,small,(generic Ibibio)
603,isip,kernel,(generic Ibibio)
604,isip,seed,(generic Ibibio)
605,ndomoked,by no means,(generic Ibibio)
606,ndomoked,none,(generic Ibibio)
607,nteked,none,(generic Ibibio)
608,nteked,by no means,(generic Ibibio)
609,ndomo,tempting,(generic Ibibio)
610,domo,tempt,(generic Ibibio)
611,ndomo,examining,(generic Ibibio)
612,domo,examine,(generic Ibibio)
613,udomo,examination,(generic Ibibio)
614,udomo,test,(generic Ibibio)
615,ked,one,(generic Ibibio)
616,keed,one,(generic Ibibio)
617,atu,among,(generic Ibibio)
618,otu,among,(generic Ibibio)
619,sia,for,(generic Ibibio)
620,ntak,because,(generic Ibibio)
621,ntak,cause,(generic Ibibio)
622,ntak,reason,(generic Ibibio)
623,andikara,ruler,(generic Ibibio)
624,adito,come from,(generic Ibibio)
625,adito,emanate,(generic Ibibio)
626,adido,will be,(generic Ibibio)
627,adido,shall be,(generic Ibibio)
628,adido,subsequent,(generic Ibibio)
629,adido,subsequently,(generic Ibibio)
630,andiikpeme,protector,(generic Ibibio)
631,andikpeme,protector,(generic Ibibio)
632,andikpeme,guide,(generic Ibibio)
633,kpeme,guide,(generic Ibibio)
634,kpeme,direct,(generic Ibibio)
635,wot,direct,(generic Ibibio)
636,ukpeme,protect,(generic Ibibio)
637,ikod,bush,(generic Ibibio)
638,ikod,people,(generic Ibibio)
639,ikot,bush,(generic Ibibio)
640,ikot,people,(Efik-Ibibio)
641,akood,called,(generic Ibibio)
642,kood,call,(generic Ibibio)
643,kod,call,(generic Ibibio)
644,ikpo,big,(generic Ibibio)
645,ikpoawo,elders,(generic Ibibio)
646,ikpowo,elders,(generic Ibibio)
647,ekambawo,elder,(generic Ibibio)
648,ekambaowo,elder,(generic Ibibio)
649,oniong,wisdom,(generic Ibibio)
650,ifiok,knowledge,(generic Ibibio)
651,ikike,understanding,(generic Ibibio)
652,ifiok,wisdom,(generic Ibibio)
653,ndedibe,hideous,(generic Ibibio)
654,ndedibe,private,(generic Ibibio)
655,dibe,hide,(generic Ibibio)
656,dib,hid,(generic Ibibio)
657,anyung,therefore,(generic Ibibio)
658,ikaiya,you all go,(generic Ibibio)
659,ka,go,(generic Ibibio)
660,ikitim,deligently,(generic Ibibio)
661,itim,deligent,(generic Ibibio)
662,tim,arrange,(generic Ibibio)
663,tim,set,(generic Ibibio)
664,adiongo,learned,(generic Ibibio)
665,diongo,know,(generic Ibibio)
666,ato,from,(generic Ibibio)
667,ammo,them,(generic Ibibio)
668,ukem,same,(generic Ibibio)
669,ukem,exact,(generic Ibibio)
670,ukeme,ability,(generic Ibibio)
671,akewuoho ada,came out to stand,(generic Ibibio)
672,akewuoho,appeared,(generic Ibibio)
673,ada,stand,(generic Ibibio)
674,ada,barren,(generic Ibibio)
675,ake,which,(generic Ibibio)
676,akewuoho,which appeared,(generic Ibibio)
677,ayin,child,(generic Ibibio)
678,ado,that,(generic Ibibio)
679,imaikit,when seen,(generic Ibibio)
680,imaikit,if seen,(generic Ibibio)
681,inam,endeavour,(generic Ibibio)
682,inam,let me,(generic Ibibio)
683,nam,do,(generic Ibibio)
684,inam,let do,(generic Ibibio)
685,no,for,(generic Ibibio)
686,nko,too,(generic Ibibio)
687,ndiiyung,then,(generic Ibibio)
688,nke,parable,(generic Ibibio)
689,nke,did,(generic Ibibio)
690,emaekekop,they having heard,(generic Ibibio)
691,ema,they,(generic Ibibio)
692,ekekop,having heard,(generic Ibibio)
693,nkekop,did heard,(generic Ibibio)
694,nkekop,do hear,(generic Ibibio)
695,kop,heard,(generic Ibibio)
696,anwanga,understand,(generic Ibibio)
697,se,what,(generic Ibibio)
698,aketang,said,(generic Ibibio)
699,tang,say,(generic Ibibio)
700,tang,talk,(generic Ibibio)
701,ima,done,(generic Ibibio)
702,emaeka,they went,(generic Ibibio)
703,emaeka,they left,(generic Ibibio)
704,eka,went,(generic Ibibio)
705,wo,leave,(generic Ibibio)
706,woro,leave,(Efik-Ibibio)
707,sanga,walking,(generic Ibibio)
708,sangko,keep walking,(generic Ibibio)
709,sangko,keep going,(generic Ibibio)
710,isang,walk,(generic Ibibio)
711,wo,out,(generic Ibibio)
712,mmewo,i am leaving,(generic Ibibio)
713,mme owo,people,(generic Ibibio)
714,iso,forward,(generic Ibibio)
715,iso,front,(generic Ibibio)
716,ekekitte,that they saw,(generic Ibibio)
717,ekekit,they saw,(generic Ibibio)
718,kit,see,(generic Ibibio)
719,adat,took,(generic Ibibio)
720,dat,take,(generic Ibibio)
721,adat,ripe,(generic Ibibio)
722,adaidat,red,(generic Ibibio)
723,ndandat,red,(generic Ibibio)
724,awawa,green,(generic Ibibio)
725,mfang,leaf,(generic Ibibio)
726,ifang,much,(generic Ibibio)
727,ke,how,(generic Ibibio)
728,ado,it is,(generic Ibibio)
729,aketre,it stopped,(generic Ibibio)
730,atre,stopped,(generic Ibibio)
731,tre,stop,(generic Ibibio)
732,itie,seat,(generic Ibibio)
733,itie,where,(generic Ibibio)
734,akeabaha,where he was,(generic Ibibio)
735,akeabaha,where she was,(generic Ibibio)
736,akeabaha,where it was,(generic Ibibio)
737,etuak,they hit,(generic Ibibio)
738,tuak,hit,(generic Ibibio)
739,tuai,hits,(generic Ibibio)
740,enuk,pushed,(generic Ibibio)
741,nuk,push,(generic Ibibio)
742,yenge,shake,(generic Ibibio)
743,tuai,shake,(generic Ibibio)
744,ntuai,shakes,(generic Ibibio)
745,to,hit,(generic Ibibio)
746,eto,hit,(generic Ibibio)
747,to,plant,(generic Ibibio)
748,eto,planted,(generic Ibibio)
749,ato,he hits,(generic Ibibio)
750,ato,she hits,(generic Ibibio)
751,iwuod,head,(generic Ibibio)
752,etuak iwuod,bow,(generic Ibibio)
753,eno,to,(generic Ibibio)
754,ekpono,worshipped,(generic Ibibio)
755,etat,opened,(generic Ibibio)
756,etat,unlocked,(generic Ibibio)
757,ebere,wedged,(generic Ibibio)
758,bere,wedge,(generic Ibibio)
759,ebere,supported,(generic Ibibio)
760,bere,support,(generic Ibibio)
761,iberedem,supporter,(generic Ibibio)
762,ekpad,bag,(generic Ibibio)
763,nkpo,things,(generic Ibibio)
764,mkpo,thing,(generic Ibibio)
765,nkpodoho,property,(generic Ibibio)
766,itiad,stone,(generic Ibibio)
767,itiat,stone,(Efik-Ibibio)
768,itiad,rock,(generic Ibibio)
769,itiat,rock,(Efik-Ibibio)
770,enyung,also,(generic Ibibio)
771,anemutebe,sweet smelling,(generic Ibibio)
772,anemutebe,scented,(generic Ibibio)
773,anemufuk,sweet smelling,(generic Ibibio)
774,anemufuk,scented,(generic Ibibio)
775,anem,sweetened,(generic Ibibio)
776,inem,sweet,(generic Ibibio)
777,nem,fun,(generic Ibibio)
778,neme,pleasure,(generic Ibibio)
779,inemesit,happiness,(generic Ibibio)
780,adan,oil,(generic Ibibio)
781,adanokwok,honey,(generic Ibibio)
782,okwok,bee,(generic Ibibio)
783,sia,because,(generic Ibibio)
784,sia,since,(generic Ibibio)
785,totoko,since,(generic Ibibio)
786,emaekekpan,forwarned,(generic Ibibio)
787,kpan,warn,(generic Ibibio)
788,kpan,forbid,(generic Ibibio)
789,ekpan,forbade,(generic Ibibio)
790,ekpan,forbidden,(generic Ibibio)
791,ekpan,warned,(generic Ibibio)
792,ekpan,noose,(generic Ibibio)
793,ayid,locked,(generic Ibibio)
794,udukekpan,hangman noose,(generic Ibibio)
795,ayid,tears,(generic Ibibio)
796,ayire,locked,(generic Ibibio)
797,yid,lock,(generic Ibibio)
798,ayot,tears,(generic Ibibio)
799,eyet,tears,(Efik-Ibibio)
800,tua,cry,(generic Ibibio)
801,ndap,dream,(generic Ibibio)
802,ekutimme,do not go back,(generic Ibibio)
803,ekuutimme,do not go back,(generic Ibibio)
804,ekekit,to see,(generic Ibibio)
805,timme,go back,(generic Ibibio)
806,ku,do not,(generic Ibibio)
807,idoho,not so,(generic Ibibio)
808,kit,see,(generic Ibibio)
809,mana,again,(generic Ibibio)
810,tre,stop,(generic Ibibio)
811,aba,stall,(generic Ibibio)
812,emaesanga usung mfen,they took another route,(generic Ibibio)
813,emaesanga,they walked,(generic Ibibio)
814,usung,road,(generic Ibibio)
815,usung,route,(generic Ibibio)
816,efak,street,(generic Ibibio)
817,mfen,another,(generic Ibibio)
818,dian,add,(generic Ibibio)
819,enyong obio mmo,returned to their country,(generic Ibibio)
820,enyong,left,(generic Ibibio)
821,adi,came,(generic Ibibio)
822,obio,country,(Efik-Ibibio)
823,obio,land,(Efik-Ibibio)
824,obio,city,(Efik-Ibibio)
825,mmo,theirs,(Efik-Ibibio)
826,ammo,theirs,(generic Ibibio)
827,abio,country,(generic Ibibio)
828,abio,land,(generic Ibibio)
829,abio,city,(generic Ibibio)
830,emaekeyongo,when they left,(generic Ibibio)
831,yong,left,(generic Ibibio)
832,yong,go home,(generic Ibibio)
833,yongo,gone,(generic Ibibio)
834,emaekeyongo,when they were gone,(generic Ibibio)
835,awut,showed,(Efik-Ibibio)
836,awot,showed,(generic Ibibio)
837,wut,show,(Efik-Ibibio)
838,wot,show,(generic Ibibio)
839,idem,self,(generic Ibibio)
840,idem,body,(generic Ibibio)
841,dakka,be going,(generic Ibibio)
842,dakka,be gone,(generic Ibibio)
843,ben,take,(generic Ibibio)
844,feghe,run,(generic Ibibio)
845,feghe,flee,(generic Ibibio)
846,udoko,told,(generic Ibibio)
847,doko,tell,(generic Ibibio)
848,kene,follow,(generic Ibibio)
849,akene,it follows,(generic Ibibio)
850,akene,he follows,(generic Ibibio)
851,akene,she follows,(generic Ibibio)
852,ekene,they follow,(generic Ibibio)
853,nko,also,(generic Ibibio)
854,"ama'fon eka idim, aboyo nkok.",the good of the main stream translates to the good of its tributaries ,(generic Ibibio)
855,ndinongo item afere afon nangha edisinne ikpang.,recipe guidance for the broth should be prior to stirring the pot,(generic Ibibio)
856,eban uno akpenghe ke isong,they keep sharpening for you to blunt it by striking the ground,(generic Ibibio)
857,ame kpono ndip ukot akan ifukko.,you are respecting (honouring) your calf muscle more than your tighs,(generic Ibibio)
858,idung isimaha owo ima.,the community (society) do not love you ends,(generic Ibibio)
859,ikpe nyan inua unam esie ekpe ke afe uduk ikod.,reptilian cases are deliberated in the snake court,(generic Ibibio)
860,"ebo akporo nangha unen atoro ke ase kuoko efud, nangha mmi mfang akpakwenge k'ikod.",if the the fowls were to wipe their anus after droppings there would have been no more leaves on trees,(generic Ibibio)
861,"edim akpetuk anyen abong aditan, edikuokoke idod.",the rains might keep falling but editan does not lose its bitterness,(generic Ibibio)
862,ebo ke idoho nke awo asasanga kusung ananna ayen ndien ediongo ke nnanayen asim anye nko,not until one walks about eyes wide opened can it be said that one has seen trouble,(generic Ibibio)
863,akan ndak ukot akedo akpin.,the fermented palmwine was once fresh,(generic Ibibio)
864,suop ye nsun idoho ama.,the soap and housefly are not lovers,(generic Ibibio)
865,ayop afon ifang atongno ke uten.,the good yield palm bunches are seen from their tree health,(generic Ibibio)
866,aboyo iso amono eyin idim.,the first in line sees the colour of the stream,(generic Ibibio)
867,eyen uwuene ase atongo ndien ke ekwong.,the poor child sumptuous meals begins with snail as meat,(generic Ibibio)
868,idoho daha eyen abre ke eba esit eka kebre ke ekpah mfed ette.,a child can play with the mother's breast and not with the father's testicles,(generic Ibibio)
869,akpan aminama nte aya ana wan ette owo se idoho wan ino.,if the first son does not threaten to sleep with his stepmom he is not granted to take a wife,(generic Ibibio)
870,akpa eyen ufoknwed okpok aketo odo.,the lizard was always the first in school,(generic Ibibio)
871,nduk akpakpa ye ekpu.,such association of corn with the rat,(generic Ibibio)
872,nyin itiat ase ana nte eka ana.,the stone is stays with the rock,(generic Ibibio)
873,mikpiidoho uso akpa adiongo uka.,if not for your dad how would you know your mom,(generic Ibibio)
874,owo imaha eka ikpong akema nkok.,one does not love the cocoyam tuber much less love its finger,(generic Ibibio)
875,asanga ase adia nte aka.,a wanderer eats along the way,(generic Ibibio)
876,ama otodoh ado ama kwuoko efod.,when you are done pooing clean your anus,(generic Ibibio)
877,ekuwod owo uko mbak usen mkpo ata.,save the valiant for the day of reckoning,(generic Ibibio)
878,akwa ikang oyom akwa ofob.,great fire serves the great offering,(generic Ibibio)
879,ikpong ibiete akumadia.,why eat undone cocoyan,(generic Ibibio)
880,afaha nte enin ikpong ibenneke.,heavy as an elephant one cannot lift it,(generic Ibibio)
881,eyen ufok ifiok isikongoke ekpat ufien.,the handbag of a wisdom apprentice is hung rightly,(generic Ibibio)
882,iwat ama iwat.,the aged loves the aged,(generic Ibibio)
883,idip adat ndok ono edem.,it is the belly that brings shame to the back,(generic Ibibio)
884,umeukak anam ibikpot akprak k'ebuk.,longsuffering makes the corn pop under heat,(generic Ibibio)
885,anie enyen owo k'otu mme nnan ade obong.,the sighted is lord (king) amongst the blind,(generic Ibibio)
886,anek unek idiongoke nagha edem iba.,the dancer does not know the posture of her back,(generic Ibibio)
887,etongo k'idap ekpep mkpa.,we learn of death in sleep,(generic Ibibio)
888,akpere mm'adiongho k'ekwong ayayong mkpa k'emum nkuup.,if i had known the snail will go i would have had it covered,(generic Ibibio)
889,ama mbre ewa k'ewa awak ofong.,who loves to play with a dog is one whose clothes are torn by the dog,(generic Ibibio)
890,k'usiik adanga eset.,do not lift the ancient beacon stone,(generic Ibibio)
891,owo ade inyene.,people is wealth,(generic Ibibio)
892,kpa nanam ino iyipe idem.,a thief does not steal from himself,(generic Ibibio)
893,ekpu aboko afia ase fefehe inonongho eto.,a rat that escaped a noose trap avoids bended trees,(generic Ibibio)
894,nkirikit idoho asen ke akai.,the owl is not stranger in the forest,(generic Ibibio)
895,"mbogho owo kukpa, mbogho obio ekpo ana nkanga.","i won't say don't die, i won't say let hades be empty",(generic Ibibio)
896,etok unÃªn tim dia-dia tim diduk.,young fowl eat well out and come home safe,(generic Ibibio)
897,akpaisong wet daga nkuwet.,army ant draw as i drew yours,(generic Ibibio)
898,akadang idoho nka ye ekid.,the blade is no peer with the axe,(generic Ibibio)
899,abiawen asine ke otu ukwak.,the needle is also an iron,(generic Ibibio)
900,akara nkara isine ubok ke ekpad akara nkara.,the trickster does not dip his hands in another trickster's handbag,(generic Ibibio)
901,ino otoh ino itah.,a thief beating another thief,(generic Ibibio)
902,"ideghe usen etipeke abe,ke nfod ase duo adok.",it is not the day the well is dug that the frog jumps in,(Annang-Ibibio)
903,"ayen akud ete,isidehe nsek.",the child who knows his father is not a baby,(Annang-Ibibio)
904,"ekpe kiene inua ewa, owo ikpi itaha ewa",if the dogs mouth should be a factor in one would not eat its meat,(Annang-Ibibio)
905,inna amma anem abaikpa ke ase abbene ukod akong ke ayong.,it is only when a young girl loves the sex that she lifts her leg up,(Annang-Ibibio)
906,ono owo ndok itreke idia ibio.,one who shames another shares a part in it,(generic Ibibio)
907,iko kiet akem anie ibuot owo.,a word is enough for a wise,(Efik-Ibibio)
908,usen eka afim ke se kid efut unen.,on a windy day we see the fowls anus,(generic Ibibio)
909,ewa atoyo se ke adia akoro inua.,the dog licks its lips when it recalls a certain meal,(generic Ibibio)
910,eka,mother,(generic Ibibio)
911,ette,father,(generic Ibibio)
912,unie,parents,(generic Ibibio)
913,anwan,wife,(generic Ibibio)
914,ebe,husband,(generic Ibibio)
915,ayiniden,son,(generic Ibibio)
916,ayiniban,daughter,(generic Ibibio)
917,ndito,children,(generic Ibibio)
918,ayakaiden,brother,(generic Ibibio)
919,ayakaiban,sister,(generic Ibibio)
920,nditoeka,siblings,(generic Ibibio)
921,ndito nyeyen,cousins,(generic Ibibio)
922,ayaka,relatives,(generic Ibibio)
923,ayinayakaiden,nephew,(generic Ibibio)
924,ayinayaiban,niece,(generic Ibibio)
925,mme nsobom,grandparents,(generic Ibibio)
926,ekam,grandmother,(generic Ibibio)
927,etebom,grandfather,(generic Ibibio)
928,nyeyeniden,grandson,(generic Ibibio)
929,nyeyeniban,granddaughter,(generic Ibibio)
930,nditondito,grandchildren,(generic Ibibio)
931,adansanga,spouse,(generic Ibibio)
932,ete ndo,father-in-law,(generic Ibibio)
933,eka ndo,mother-in-law,(generic Ibibio)
934,ette nyin emi odude ke heaven,our father in heaven,(Efik-Ibibio)
935,nam nyin ikpono aying mfo,hallowed be your name,(Efik-Ibibio)
936,ini ubong mfo edi,your kingdom come,(Efik-Ibibio)
937,yak inam uduak mfo,your will be done,(generic Ibibio)
938,ke isong nte enamde ke heaven,on earth as in heaven,(Efik-Ibibio)
939,no nyoin udia ekekemde nyin ke usen,give us today our daily bread,(Efik-Ibibio)
940,daha do no me idiok mkpo nyin,forgive us our sins,(Efik-Ibibio)
941,nte nyin idahade ino mmo eke namde nyin idiok,as we forgive those who sin against us,(Efik-Ibibio)
942,kuda nyin usin ke idomo edi sio nyin ke idiok,lead us not into temptation but deliver us from evil,(Efik-Ibibio)
943,"koro obioubong, odudu ye ubong enie fi ke emi ye ke nsinsi","for the kingdom, the power, and the glory are yours now and forever",(Efik-Ibibio)
944,obioubong,kingdom,(Efik-Ibibio)
945,odudu,power,(Efik-Ibibio)
946,ubong,glory,(Efik-Ibibio)
947,nsinsi,forever,(Efik-Ibibio)
948,inwek,breath,(generic Ibibio)
949,inwek,strength,(generic Ibibio)
950,inwek,power,(generic Ibibio)
951,ebot,goat,(generic Ibibio)
952,ufene,cattle,(generic Ibibio)
953,enang,cow,(generic Ibibio)
954,enang,horse,(generic Ibibio)
955,ekpu,rat,(generic Ibibio)
956,eku,mouse,(Annang-Ibibio)
957,usine,mouse,(generic Ibibio)
958,adua,squirrel,(generic Ibibio)
959,ewa,dog,(generic Ibibio)
960,ebua,dog,(Efik-Ibibio)
961,anwa,cat,(generic Ibibio)
962,erong,sheep,(generic Ibibio)
963,edi,pig,(generic Ibibio)
964,ekpe,leopard,(generic Ibibio)
965,ekpe,cheetah,(generic Ibibio)
966,nyamekpe,lion,(generic Ibibio)
967,enin,elephant,(generic Ibibio)
968,ebok,monkey,(generic Ibibio)
969,idiok,chimpanzee,(generic Ibibio)
970,omonidiok,gorilla,(generic Ibibio)
971,ekwong,snail,(generic Ibibio)
972,udukikod,snake,(generic Ibibio)
973,urukikot,snake,(Efik-Ibibio)
974,okpok,lizard,(Efik-Ibibio)
975,akpok,lizard,(generic Ibibio)
976,afiom,crocodile,(generic Ibibio)
977,effiom,crocodile,(Efik-Ibibio)
978,iquod,frog,(generic Ibibio)
979,utai,alligator,(generic Ibibio)
980,unen,fowl,(generic Ibibio)
981,unen,chicken,(generic Ibibio)
982,awowo,duck,(generic Ibibio)
983,ikid mmong,turtle,(generic Ibibio)
984,ikid,tortoise,(generic Ibibio)
985,ekongabukayop,crow,(generic Ibibio)
986,utere,vulture,(generic Ibibio)
987,ndukpo,hawk,(generic Ibibio)
988,ntrukpom,sea eagle,(generic Ibibio)
989,akukwo,falcon,(generic Ibibio)
990,akpaisong,fire ant,(generic Ibibio)
991,mkpoikot,soldier ant,(generic Ibibio)
992,utung,worm,(generic Ibibio)
993,ukpongayin,gecko,(generic Ibibio)
994,mfem,cockroach,(generic Ibibio)
995,atad,wasp,(generic Ibibio)
996,nsung,housefly,(generic Ibibio)
997,mkpuk,sandfly,(generic Ibibio)
998,abong,mosquito,(generic Ibibio)
999,ntinya,fruitfly,(generic Ibibio)
1000,akwok,bee,(generic Ibibio)
1001,ufadikang,water scorpion,(generic Ibibio)
1002,isobo,crab,(generic Ibibio)
1003,nkang,centipede,(generic Ibibio)
1004,etim,millipede,(generic Ibibio)
1005,ayud,cane rat,(generic Ibibio)
1006,mkpekpem,bat,(generic Ibibio)
1007,nkidikid,owl,(generic Ibibio)
1008,ndube,winged termites,(generic Ibibio)
1009,ebunkakad,termites colony,(generic Ibibio)
1010,ebu,termites,(generic Ibibio)
1011,iyak,fish,(generic Ibibio)
1012,nkakad,termite,(generic Ibibio)
1013,inagha,catfish,(generic Ibibio)
1014,adiaha,first daughter,(generic Ibibio)
1015,Ami nta' akara,I am eating akara ,(Annang-Ibibio)
1016,Ikp,cocoyam ,(Annang-Ibibio)
1017,Ukpanya',spanish,(Annang-Ibibio)
1018,uwak,several,(Annang-Ibibio)
1019,isantim,hippopotamus,(generic Ibibio)
1020,akukwo,falcon,(generic Ibibio)
0,di dia mkpo,come and eat,(generic Ibibio)
